thr,8
ika,8
tas,9
sah,10
pnh,11
nyt,12
mct,13
mxa,14
mle,15
lxa,16
kwi,17
ktm,18
isb,20
dyu,21
doh,22
dac,23
cmb,24
rml,24
fru,25
bey,26
bwn,27
bgw,28
nqz,29
asb,30
amm,31
adj,31
bah,32
tbs,33
gyd,34
evn,35
hnl,36
sfo,37
mco,38
sfb,38
las,39
vgt,39
hsh,39
lsv,39
lax,40
vny,40
whp,40
mia,41
jfk,42
lga,42
jnb,43
dmm,44
ruh,45
fuk,48
kix,50
itm,51
bth,53
ccu,55
jai,56
maa,57
hrg,58
any,59
zuh,60
kwl,61
yvr,62
cxh,62
ydt,62
yyz,63
ytz,63
ykz,63
gig,64
sdu,64
eze,65
aep,65
blr,66
kbv,67
cju,68
auh,69
azi,69
akl,70
ceb,71
syd,72
mel,73
meb,73
avv,73
rak,74
pen,75
cgk,76
hlp,76
han,77
cai,78
jhb,79
dps,80
sgn,81
pvg,82
sha,82
icn,83
gmp,83
med,84
can,85
jed,86
tpe,87
tsa,87
utp,88
nrt,89
hnd,89
hkt,90
bom,91
szx,92
del,93
kul,94
szb,94
dxb,95
dwc,95
djh,95
sin,96
xsp,96
mfm,97
bkk,98
dmk,98
hkg,99
anr,100
abz,101
agb,102
axd,103
ath,104
alc,105
lei,106
aal,107
aar,108
aoi,109
ams,111
gzp,112
esb,113
ayt,114
ach,115
bru,116
crl,116
boj,117
bnx,118
bfs,119
bhd,119
bhx,120
boh,121
brs,122
bud,123
ber,124
bre,126
bll,127
bcn,128
bio,129
blq,130
bgo,131
boo,132
otp,134
beg,135
bjy,135
bts,136
bod,137
brq,139
bsl,140
brn,141
cwl,142
cgn,145
cfu,146
cph,147
rke,147
ork,150
cag,151
cta,152
clj,153
cfe,154
cmf,155
cfr,156
dsa,158
dtm,159
drs,160
dus,161
nrn,161
mgl,161
dub,162
dlm,163
dbv,164
ema,165
edi,166
ext,167
ebj,169
etm,171
vda,171
ein,172
fra,174
hhn,174
fdh,175
fue,176
flr,177
fro,178
fao,179
fnc,180
grz,181
gci,183
gla,184
pik,184
grx,186
gro,187
goa,189
grq,190
gdn,191
gva,192
got,193
gse,193
huy,194
ham,196
lbc,196
haj,197
her,200
hel,201
inn,202
inv,203
deb,204
ibz,205
adb,206
igl,206
ist,207
saw,207
jkg,208
klu,209
fkb,210
kjk,211
kun,212
ktw,213
krk,214
ksc,215
klv,216
ksd,217
ure,218
lnz,219
lgg,220
lpl,222
lba,224
ltn,225
lhr,225
lgw,225
stn,225
lcy,225
sen,225
ace,227
lpa,228
suf,230
lca,231
lpx,232
lux,233
lis,235
lju,236
lpp,237
lil,239
lyon,240
lys,240
lyn,240
lug,241
lla,242
man,243
mhg,244
fmm,245
fmo,246
muc,247
mad,248
agp,249
mah,250
rmu,251
mxp,252
bgy,252
lin,252
mla,253
mst,255
bjv,257
mrs,259
etz,260
mpl,261
mmx,262
nwi,263
ncl,264
nqy,265
nue,266
nap,267
cnd,268
nte,269
nce,270
nrk,271
ost,272
aci,273
ovd,274
olb,275
ohd,276
osl,277
trf,277
osr,279
pdv,280
plh,281
pad,282
rlg,283
pmi,284
pmo,285
psr,286
psa,287
pfo,288
plg,289
pdl,290
opo,291
tat,292
cdg,293
ory,293
bva,293
lbg,293
puy,294
tgd,295
ped,296
prg,297
rho,299
kef,300
rkv,300
reu,301
rjk,302
fco,303
cia,303
rmi,304
rix,305
rtm,306
rnb,307
szg,308
sof,309
sjj,310
sou,311
sws,312
poz,314
scn,315
zqw,315
str,316
jtr,317
snn,318
slm,319
scq,320
svq,321
skp,323
svg,325
sxb,326
spu,327
arn,329
bma,329
nyo,329
bst,329
tia,330
skg,331
tfs,332
tfn,332
trs,334
trn,335
tlv,336
ter,337
tsr,338
tzx,339
tmp,340
tku,341
tls,342
tiv,343
tll,345
tay,346
ume,347
vie,348
var,349
vlc,351
vll,352
vce,353
tsf,353
vrn,354
vbs,354
vno,356
ias,357
vxo,358
vby,359
gwt,362
waw,364
wmi,364
wro,365
zqw,366
zaz,367
zag,368
zad,369
zrh,370
kiv,371
prn,546
pbh,547
uln,548
ubn,548
ixa,550
agr,551
amd,552
ajl,553
ixd,554
trv,626
mdw,663
ord,663
