ICY,Icy Bay
HGZ,Hogatza
BYW,Blakely Island
BDF,Bradford
RFK,Rolling Fork
BCS,Belle Chasse
DUF,Corolla
FOB,Fort Bragg
AFT,Bila
RNA,Arona
ATD,Atoifi
VEV,Barakoma
BPF,Batuna Mission Station
GEF,Liangia
AKS,Auki
BNY,Anua
BAS,Ballalae
FRE,Fera Island
HIR,Honiara
MBU,Mbambanakira
IRA,Kirakira
SCZ,Santa Cruz/Graciosa Bay/Luova
GZO,Gizo
MNY,Stirling Island
PRS,Parasi
RNL,Rennell Island
EGM,Sege
NNB,Santa Ana Island
RUS,Marau
VAO,Suavanao
XYA,Yandina
KGE,Kagau Island
KWS,Kwailabesi
GTA,Gatokae
RIN,Ringi Cove
RBV,Ramata
CEX,Chena Hot Springs
HED,Herendeen Bay
TWE,Taylor
LNI,Lonely
CDL,Candle
BSW,Boswell Bay
INU,Yaren District
ATP,Aitape
AMU,Amanab
ADC,Andekombe
AIE,Aiome
AUJ,Ambunti
AWB,Awaba
AYU,Aiyura Valley
VMU,Baimuru
BUA,Buka Island
OPU,Balimo
BUL,Bulolo
CMU,Kundiawa
DER,Derim
DAU,Daru
XYR,Yellow River Mission
FNE,Fane Mission
FIN,Buki
FAQ,Frieda River
GKA,Goronka
GRL,Au
GAR,Garaina
GUR,Gurney
GAP,Gusap
PNP,Popondetta
GMI,Gasmata Island
GVI,Green River
HKN,Hoskins
KIE,Kieta
LSA,Losuia
KDR,Kandrian
UNG,Kiunga
KRI,Kikori
KMA,Kerema
KKD,Kokoda
KZF,Kaintiba
KUQ,Kuri
KVG,Kavieng
KWO,Kawito
LNV,Londolovit
LMY,Lake Murray
LWI,Lowai
LMI,Lumi
MYX,Menyamya
MAG,Madang
HGU,Mount Hagen
MXK,Mindik
GUV,Mougulu
MXH,Moro
MIS,Misima Island
GBF,Negarbo
MFO,Manguna
UKU,Nuku
LAE,Nadzab
OSE,Omora
PDI,Pindiu
POM,Port Moresby
KMR,Karimui
NIS,Simberi Island
SIL,Sila Mission
SIM,Simbai
SKC,Suki
TIZ,Tari
TBG,Tabubil
TFM,Telefomin
TPI,Tapini
TAJ,Aitape
RAB,Tokua
TKW,Tekin
TFI,Tufi
WAO,Wabo
WWK,Wewak
WOA,Wonenara
WSU,Wasu
WTP,Fatima Mission
WUG,Wau
JEG,Aasiaat
UAK,Narsarsuaq
CNP,Neerlerit Inaat
GOH,Nuuk
JAV,Ilulissat
KUS,Kulusuk
JSU,Maniitsoq
JFR,Paamiut
NAQ,Qaanaaq
SFJ,Kangerlussuaq
JHS,Sisimiut
THU,Thule
JUV,Upernavik
JQA,Uummannaq
AEY,Akureyri
BIU,Bildudalur
BGJ,Borgarfjordur eystri
BJD,Bakkafjordur
BLO,Blonduos
BXV,Breiddalsvik
DJU,Djupivogur
EGS,Egilsstadir
FAS,Faskrudsfjordur
FAG,Fagurholsmyri
GUU,Grundarfjordur
GJR,Gjogur
GRY,Grimsey
HVK,Holmavik
HFN,Hornafjordur
FLI,Flateyri
HZK,Husavik
IFJ,Isafjordur
KEF,Reykjavik
OPA,Kopasker
SAK,Saudarkrokur
NOR,Nordfjordur
OFJ,Olafsfjordur
PFJ,Patreksfjordur
RHA,Reykholar
OLI,Rif
RFN,Raufarhofn
RKV,Reykjavik
MVA,Myvatn
SIJ,Siglufjordur
SYK,Stykkisholmur
TEY,Tingeyri
THO,Thorshofn
VEY,Vestmannaeyjar
VPN,Vopnafjordur
YZZ,Trail
YAA,Anahim Lake
DGF,Douglas Lake
JHL,Albian Village
DUQ,Duncan
YWM,Williams Harbour
YFX,St. Lewis
YHA,Port Hope Simpson
YRG,Rigolet
DVK,Diavik
YCK,Colville Lake
YLE,Whati
NML,Fort McMurray
DAS,Great Bear Lake
YFI,Suncor Energy Site
SUR,Summer Beaver
YAX,Angling Lake
WNN,Wunnumin Lake
YNO,North Spirit Lake
XBE,Bearskin Lake
KIF,Kingfisher Lake
YOG,Ogoki Post
YEB,Bar River
YHP,Poplar Hill
YNX,Snap Lake
YKU,Chisasibi
ZTB,Tete-a-la-Baleine
YAU,Kattiniq
ZLT,La Tabatiere
YAC,Cat Lake
YAR,La Grande-3
YAG,Fort Frances
YAH,La Grande-4
YAL,Alert Bay
YAM,Sault Ste Marie
XKS,Kasabonika
YKG,Kangirsuk
YAT,Attawapiskat
YAY,St. Anthony
YAZ,Tofino
YBA,Banff
YBB,Kugaaruk
YBC,Baie-Comeau
QBC,Bella Coola
YBE,Uranium City
YBY,Bonnyville
YBG,Bagotville
YBK,Baker Lake
YBL,Campbell River
XTL,Tadoule Lake
YBR,Brandon
YBT,Brochet
YBV,Berens River
YBX,Lourdes-De-Blanc-Sablon
YRF,Cartwright
YCB,Cambridge Bay
YCC,Cornwall
YCD,Nanaimo
YCE,Centralia
YCG,Castlegar
YCH,Miramichi
XCM,Chatham-Kent
YCL,Charlo
YCN,Cochrane
YCO,Kugluktuk
YCQ,Chetwynd
YCR,Cross Lake
YCS,Chesterfield Inlet
YCY,Clyde River
YCZ,Fairmont Hot Springs
YDA,Dawson City
YDB,Burwash
YDF,Deer Lake
XRR,Ross River
YDN,Dauphin
YDO,Dolbeau-St-Felicien
YDP,Nain
YDQ,Dawson Creek
YEG,Edmonton
YEK,Arviat
YEL,Elliot Lake
YEM,Manitowaning
YEN,Estevan
YER,Fort Severn
YET,Edson
YEU,Eureka
YEV,Inuvik
YEY,Amos
YFA,Fort Albany
YFB,Iqaluit
YFC,Fredericton
YFE,Forestville
YFH,Fort Hope
YTM,Riviere Rouge
YFO,Flin Flon
YFR,Fort Resolution
YFS,Fort Simpson
YMN,Makkovik
YGB,Texada
YGH,Fort Good Hope
YGK,Kingston
YGL,La Grande Riviere
YGM,Gimli
YGO,Gods Lake Narrows
YGP,Gaspe
YGQ,Geraldton
YGR,Iles-de-la-Madeleine
YGT,Igloolik
YGV,Havre St-Pierre
YGW,Kuujjuarapik
YGX,Gillam
YGZ,Grise Fiord
YQC,Quaqtaq
YHD,Dryden
YHE,Hope
YHF,Hearst
YNS,Nemiscau
YHI,Ulukhaktok
YHK,Gjoa Haven
YHM,Hamilton
YHN,Hornepayne
YHO,Hopedale
YHR,Chevery
YHT,Haines Junction
YHU,Montreal
YHY,Hay River
YHZ,Halifax
YIB,Atikokan
YDG,Digby
YIF,St-Augustin
YIK,Ivujivik
YIO,Pond Inlet
YIV,Island Lake
YJF,Fort Liard
YJN,St Jean
YJT,Stephenville
YKA,Kamloops
LAK,Aklavik
YKF,Kitchener
YKJ,Key Lake
YKL,Schefferville
AKV,Akulivik
YKQ,Waskaganish
YKX,Kirkland Lake
YKY,Kindersley
YKZ,Toronto
YPJ,Aupaluk
YLC,Kimmirut
YLD,Chapleau
YLH,Lansdowne House
YLJ,Meadow Lake
YSG,Lutselk'e
YLL,Lloydminster
YLR,Leaf Rapids
YLK,Barrie-Orillia
YLT,Alert
XGR,Kangiqsualujjuaq
YLW,Kelowna
YMA,Mayo
YME,Matane
YMG,Manitouwadge
YMH,Mary's Harbour
YMJ,Moose Jaw
YML,Charlevoix
YMM,Fort McMurray
YMO,Moosonee
YMT,Chibougamau
YUD,Umiujaq
YMX,Montreal
YNA,Natashquan
YNC,Wemindji
YND,Gatineau
YNE,Norway House
YNL,Points North Landing
YNM,Matagami
YNN,Nejanilini Lake
HZP,Fort Mackay
YOA,Ekati
YOC,Old Crow
YOD,Cold Lake
YOH,Oxford House
YOJ,High Level
YOO,Oshawa
YOP,Rainbow Lake
YOS,Owen Sound
YOW,Ottawa
YPA,Prince Albert
YPC,Paulatuk
YPS,Port Hawkesbury
YPE,Peace River
YPG,Portage
YPH,Inukjuak
YPL,Pickle Lake
YPM,Pikangikum
YPN,Port-Menier
YPO,Peawanuck
YPQ,Peterborough
YPR,Prince Rupert
YPW,Powell River
YPX,Puvirnituq
YPY,Fort Chipewyan
YQA,Muskoka
YQB,Quebec
YQD,The Pas
YQF,Red Deer
YQG,Windsor
YQH,Watson Lake
YQI,Yarmouth
YQK,Kenora
YQL,Lethbridge
YQM,Moncton
YQN,Nakina
YQQ,Comox
YQR,Regina
YQS,St Thomas
YQT,Thunder Bay
YQU,Grande Prairie
YQV,Yorkton
YQW,North Battleford
YQX,Gander
YQY,Sydney
YQZ,Quesnel
YRA,Gameti
YRB,Resolute Bay
YRI,Riviere-du-Loup
YRJ,Roberval
YRL,Red Lake
YRO,Ottawa
YRQ,Trois-Rivieres
YRS,Red Sucker Lake
YRT,Rankin Inlet
YRV,Revelstoke
YSB,Sudbury
YSC,Sherbrooke
YSF,Stony Rapids
YSH,Smiths Falls
YSJ,Saint John
YSK,Sanikiluaq
YSL,St Leonard
YSM,Fort Smith
YCM,St Catharines
YSP,Marathon
YST,St. Theresa Point
YSU,Summerside
YSY,Sachs Harbour
YTA,Pembroke
YTE,Cape Dorset
YTF,Alma
YTH,Thompson
YTL,Big Trout Lake
YTQ,Tasiujaq
YTR,Trenton
YTS,Timmins
YTZ,Toronto
YUB,Tuktoyaktuk
YUL,Montreal
YUT,Repulse Bay
YUX,Hall Beach
YUY,Rouyn-Noranda
YVB,Bonaventure
YVC,La Ronge
YVE,Vernon
YVM,Qikiqtarjuaq
YVO,Val-d'Or
YVP,Kuujjuaq
YVQ,Norman Wells
YVR,Vancouver
YVT,Buffalo Narrows
YVV,Wiarton
YVZ,Deer Lake
YWA,Petawawa
YWG,Winnipeg
YWJ,Deline
YWK,Wabush
YWL,Williams Lake
YWP,Webequie
YWY,Wrigley
YXC,Cranbrook
YXD,Edmonton
YXE,Saskatoon
YXH,Medicine Hat
YXJ,Fort St.John
YXK,Rimouski
YXL,Sioux Lookout
YXN,Whale Cove
YXP,Pangnirtung
YXQ,Beaver Creek
YXR,Earlton
YXS,Prince George
YXT,Terrace
YXU,London
YXX,Abbotsford
YXY,Whitehorse
YXZ,Wawa
YYB,North Bay
YYC,Calgary
YYD,Smithers
YYE,Fort Nelson
YYF,Penticton
YYG,Charlottetown
YYH,Taloyoak
YYJ,Victoria
YYL,Lynn Lake
YYN,Swift Current
YYQ,Churchill
YYR,Goose Bay
YYT,St. John's
YYU,Kapuskasing
YYW,Armstrong
YYY,Mont-Joli
YYZ,Toronto
YZE,Gore Bay
YZF,Yellowknife
YZG,Salluit
YZH,Slave Lake
YZP,Sandspit
YZR,Sarnia
YZS,Coral Harbour
YZT,Port Hardy
YZU,Whitecourt
YZV,Sept-Iles
YZW,Teslin
YZX,Greenwood
YZY,Mackenzie
ZAC,York Landing
YSN,Salmon Arm
YDT,Boundary Bay
ILF,Ilford
ZBF,Bathurst
ZBM,Bromont
KES,Kelsey
ZEM,Eastmain River
ZFA,Faro
ZFD,Fond-Du-Lac
XPK,Pukatawagan
ZFM,Fort Mcpherson
ZFN,Tulita
ZGF,Grand Forks
ZGI,Gods River
ZGR,Little Grand Rapids
ZJG,Jenpeg
ZJN,Swan River
ZKE,Kashechewan
YTD,Thicket Portage
MSA,Muskrat Dam
ZMH,108 Mile
PIW,Pikwitonei
ZMT,Masset
XPP,Poplar River
ZPB,Sachigo Lake
ZPO,Pinehouse Lake
ZRJ,Round Lake
ZSJ,Sandy Lake
XSI,South Indian Lake
ZST,Stewart
ZTM,Shamattawa
ZUC,Ignace
ZUM,Churchill Falls
XLB,Lac Brochet
ZWL,Wollaston Lake
BJA,Bejaia
ALG,Algiers
DJG,Djanet
VVZ,Illizi
QSF,Setif
TMR,Tamanrasset
GJL,Jijel
MZW,Mecheria
AAE,Annabah
CZL,Constantine
TEE,Tebessi
BLJ,Batna
TID,Tiaret
TIN,Tindouf
CFK,Chlef
TLM,Tlemcen
ORN,Oran
CBH,Bechar
EBH,El Bayadh
INF,In Guezzam
BMW,Bordj Badji Mokhtar
BSK,Biskra
GHA,Ghardaia
HME,Hassi Messaoud
INZ,In Salah
TGR,Touggourt
LOO,Laghouat
ELU,Guemar
TMX,Timimoun
OGX,Ouargla
IAM,Amenas
COO,Cotonou
DJA,Djougou
KDC,Kandi
NAE,Natitingou
PKO,Parakou
SVF,Save
XKY,Kaya
OUG,Ouahigouya
XDJ,Djibo
XLU,Leo
PUP,Po
XBO,Boulsa
XBG,Bogande
DIP,Diapaga
DOR,Dori
FNG,Fada N'gourma
XGG,Gorom-Gorom
XKA,Kantchari
TMQ,Tambao
XPA,Pama
ARL,Arly
XSE,Sebba
TEG,Tenkodogo
XZA,Zabre
OUA,Ouagadougou
BNR,Banfora
DGU,Dedougou
XGA,Gaoua
XNU,Nouna
BOY,Bobo Dioulasso
TUQ,Tougan
XDE,Diebougou
XAR,Aribinda
ACC,Accra
TML,Tamale
KMS,Kumasi
NYI,Sunyani
TKD,Sekondi-Takoradi
ABJ,Abidjan
OGO,Abengourou
BXI,Boundiali
BQO,Bouna
BDK,Bondoukou
DIM,Dimbokro
FEK,Ferkessedougou
GGN,Gagnoa
GGO,Guiglo
BBV,Grand-Bereby
KEO,Odienne
OFI,Ouango Fitini
SEO,Seguela
ZSS,Sassandra
TXU,Tabou
ASK,Yamoussoukro
ABV,Abuja
AKR,Akure
ABB,Asaba
BNI,Benin
CBQ,Calabar
ENU,Enegu
GMO,Gombe
IBA,Ibadan
ILR,Ilorin
QOW,Owerri
JOS,Jos
KAD,Kaduna
KAN,Kano
MIU,Maiduguri
MDI,Makurdi
LOS,Lagos
MXJ,Minna
PHC,Port Harcourt
SKO,Sokoto
NBE,Enfidha
YOL,Yola
ZAR,Zaria
MFQ,Maradi
NIM,Niamey
THZ,Tahoua
AJY,Agadez
ZND,Zinder
TBJ,Tabarka
MIR,Monastir
TUN,Tunis
GAF,Gafsa
GAE,Gabes
DJE,Djerba
EBM,El Borma
SFA,Sfax
TOE,Tozeur
LRL,Niamtougou
LFW,Lome
ANR,Antwerp
BRU,Brussels
CRL,Brussels
KJK,Wevelgem
LGG,Liege
OST,Ostend
OBL,Zoersel
AOC,Altenburg
HDF,Heringsdorf
REB,Larz
CSO,Magdeburg
CBU,Cottbus
GTI,Rugen
PEF,Peenemunde
BER,Berlin
DRS,Dresden
ERF,Erfurt
FRA,Frankfurt-am-Main
FMO,Munster
HAM,Hamburg
CGN,Cologne
DUS,Dusseldorf
MUC,Munich
NUE,Nuremberg
LEJ,Leipzig
SCN,Saarbrucken
STR,Stuttgart
TXL,Berlin
HAJ,Hannover
BRE,Bremen
HHN,Hahn
MHG,Mannheim
XFW,Hamburg
KEL,Kiel
LBC,Lubeck
EUM,Neumunster
FMM,Memmingen
AAH,Aachen
BNJ,Bonn
BFE,Bielefeld
MGL,Monchengladbach
PAD,Paderborn
NRN,Weeze
DTM,Dortmund
AGB,Augsburg
RBM,Straubing
FDH,Friedrichshafen
BYU,Bayreuth
HOQ,Hof
BBJ,Bitburg
ZQW,Zweibrucken
FKB,Baden-Baden
KSF,Kassel
BRV,Bremerhaven
XLW,Lemwerder
EME,Emden
AGE,Wangerooge
WVN,Wilhelmshaven
JUI,Juist
LGO,Langeoog
BMK,Borkum
NOD,Norddeich
VAC,Cloppenburg
NRD,Norderney
BMR,Baltrum
HEI,Busum
FLF,Flensburg
HGL,Helgoland
PSH,Sankt Peter-Ording
GWT,Westerland
OHR,Wyk auf Fohr
KDL,Kardla
URE,Kuressaare
EPU,Parnu
TLL,Tallinn
TAY,Tartu
ENF,Enontekio
KEV,Halli / Kuorevesi
HEM,Helsinki
HEL,Helsinki
IVL,Ivalo
JOE,Joensuu / Liperi
JYV,Jyvaskylan Maalaiskunta
KAU,Kauhava
KEM,Kemi / Tornio
KAJ,Kajaani
KOK,Kokkola / Kruunupyy
KAO,Kuusamo
KTT,Kittila
KUO,Kuopio / Siilinjarvi
LPP,Lappeenranta
MIK,Mikkeli
OUL,Oulu / Oulunsalo
POR,Pori
RVN,Rovaniemi
SVL,Savonlinna
SJY,Seinajoki / Ilmajoki
SOT,Sodankyla
TMP,Tampere / Pirkkala
TKU,Turku
UTI,Utti / Valkeala
VAA,Vaasa
VRK,Varkaus / Joroinen
BFS,Belfast
ENK,Enniskillen
BHD,Belfast
LDY,Derry
BHX,Birmingham
CVT,Coventry
GLO,Staverton
ORM,Northampton
NQT,Nottingham
MAN,Manchester
DSA,Doncaster
UPV,Upavon
LYE,Lyneham
YEO,Yeovil
CAL,Campbeltown
EOI,Eday
FIE,Fair Isle
WHS,Whalsay
COL,Coll Island
NRL,North Ronaldsay
OBN,North Connel
PPW,Papa Westray
SOY,Stronsay
NDY,Sanday
LWK,Lerwick
WRY,Westray
CSA,Colonsay
HAW,Haverfordwest
CWL,Cardiff
SWS,Swansea
BRS,Bristol
LPL,Liverpool
LTN,London
LEQ,Land's End
PLH,Plymouth
ISC,St. Mary's
BOH,Bournemouth
SOU,Southampton
BBP,Bembridge
NQY,Newquay
QUG,Chichester
ACI,Saint Anne
GCI,Saint Peter Port
JER,Saint Helier
ESH,Brighton
BQH,London
LGW,London
LCY,London
FAB,Farnborough
BBS,Yateley
LHR,London
SEN,Southend
LYX,Lydd
MSE,Manston
CAX,Carlisle
BLK,Blackpool
HUY,Grimsby
BWF,Barrow-in-Furness
LBA,Leeds
CEG,Hawarden
IOM,Castletown
NCL,Newcastle
MME,Durham
EMA,Nottingham
KOI,Orkney Islands
LSI,Lerwick
WIC,Wick
ABZ,Aberdeen
INV,Inverness
GLA,Glasgow
EDI,Edinburgh
ILY,Port Ellen
PIK,Glasgow
BEB,Balivanich
SCS,Shetland Islands
DND,Dundee
SYY,Stornoway
BRR,Eoligarry
PSL,Perth
TRE,Balemartine
UNT,Shetland Islands
BOL,Ballykelly
FSS,Kinloss
ADX,St. Andrews
LMO,Lossiemouth
CBG,Cambridge
NWI,Norwich
STN,London
HYC,High Wycombe
EXT,Exeter
FZO,Bristol
OXF,Kidlington
RCS,Rochester
BEX,Benson
LKZ,Lakenheath
MHZ,Mildenhall
QUY,St. Ives
FFD,Fairford
BZZ,Brize Norton
ODH,Odiham
NHT,London
QCY,Coningsby
BEQ,Thetford
OKH,Cottesmore
SQZ,Scampton
HRT,Linton-On-Ouse
WTN,Waddington
MRH,Marham
MPN,Mount Pleasant
AMS,Amsterdam
MST,Maastricht
EIN,Eindhoven
GRQ,Groningen
GLZ,Breda
DHR,Den Helder
LEY,Lelystad
LWR,Leeuwarden
RTM,Rotterdam
ENS,Enschede
UDE,Uden
WOE,Bergen Op Zoom
BYT,Bantry
BLY,Belmullet
NNR,Inverin
ORK,Cork
GWY,Galway
CFN,Donegal
DUB,Dublin
IOR,Inis Mor
INQ,Inis Oirr
KKY,Kilkenny
NOC,Charleston
KIR,Killarney
LTR,Letterkenny
IIA,Inis Meain
SNN,Shannon
SXL,Sligo
WAT,Waterford
AAR,Aarhus
BLL,Billund
CPH,Copenhagen
EBJ,Esbjerg
KRP,Karup
BYR,Laeso
MRW,Lolland Falster / Maribo
ODE,Odense
RKE,Copenhagen
RNN,Ronne
SGD,Sonderborg
CNL,Sindal
SKS,Vojens
SQW,Skive
TED,Thisted
FAE,Vagar
STA,Skjern / Ringkobing
AAL,Aalborg
LUX,Luxembourg
AES,Alesund
ANX,Andenes
ALF,Alta
FDE,Forde
BNN,Bronnoy
BOO,Bodo
BGO,Bergen
BJF,Batsfjord
BVG,Berlevag
KRS,Kjevik
BDU,Malselv
EVE,Evenes
FRO,Floro
OSL,Oslo
HMR,Hamar
HAU,Karmoy
HFT,Hammerfest
HAA,Hasvik
HVG,Honningsvag
KSU,Kvernberget
GLL,Klanten
KKN,Kirkenes
LKN,Leknes
MEH,Mehamn
MOL,Aro
LKL,Lakselv
OSY,Namsos
OLA,Orland
HOV,Orsta
MQN,Mo i Rana
RVK,Rorvik
RRS,Roros
RYG,Rygge
LYR,Longyearbyen
SDN,Sandane
SOG,Sogndal
SVJ,Svolvaer
SKN,Hadsel
SKE,Geiteryggen
SRP,Leirvik
SOJ,Sorkjosen
VAW,Vardo
SSJ,Alstahaug
TOS,Tromso
TRF,Torp
TRD,Trondheim
VDS,Vadso
SVG,Stavanger
BXP,Biala Podlaska
BZG,Bydgoszcz
GDN,Gdańsk
KRK,Kraków
KTW,Katowice
LUZ,Lublin
LCJ,Łódź
WMI,Warsaw
POZ,Poznań
CZW,Częstochowa
RZE,Rzeszow
SZZ,Goleniow
WAW,Warsaw
WRO,Wrocław
IEG,Babimost
GOT,Gothenburg
JKG,Jonkoping
LDK,Lidkoping
GSE,Gothenburg
KVB,Skovde
THN,Trollhattan
NYO,Stockholm / Nykoping
KID,Kristianstad
MMX,Malmo
HAD,Halmstad
VXO,Vaxjo
GEV,Gallivare
KRF,Kramfors / Solleftea
SDL,Sundsvall/ Harnosand
OER,Ornskoldsvik
SFT,Skelleftea
UME,Umea
AJR,Arvidsjaur
SOO,Soderhamn
OSD,Ostersund
ORB,Orebro
KSD,Karlstad
VST,Stockholm / Vasteras
LLA,Lulea
ARN,Stockholm
BMA,Stockholm
GVX,Gavle / Sandviken
LPI,Linkoping
NRK,Norrkoping
EKT,Eskilstuna
VBY,Visby
VVK,Vastervik
AGH,Angelholm
IDB,Idre
SPM,Trier
RMS,Ramstein
FRZ,Fritzlar
RLG,Rostock
WIE,Wiesbaden
FEL,Furstenfeldbruck
IGS,Manching
GUT,Gutersloh
DGP,Daugavpils
LPX,Liepaja
RIX,Riga
VNT,Ventspils
KUN,Kaunas
PLQ,Palanga
PNV,Panevezys
SQQ,Siauliai
HLJ,Barysiai
VNO,Vilnius
ALJ,Alexander Bay
AGZ,Aggeneys
ADY,Alldays
BIY,Bisho
BFN,Bloemfontain
CDO,Cradock
CPT,Cape Town
DUK,Mubatuba
PZL,Phinda
ELS,East London
EMG,Empangeni
ELL,Ellisras
FCB,Ficksburg
GCJ,Midrand
GRJ,George
GIY,Giyani
QRA,Johannesburg
HLW,Hluhluwe
HRS,Harrismith
HDS,Hoedspruit
KXE,Klerksdorp
KIM,Kimberley
MQP,Mpumalanga
KOF,Komatipoort
KMH,Kuruman
KLZ,Kleinsee
HLA,Johannesburg
LMR,Lime Acres
LDZ,Londolozi
DUR,Durban
LCD,Louis Trichardt
SDB,Langebaanweg
LAY,Ladysmith
AAM,Malamala
MGH,Margate
MEZ,Musina
MBD,Mafeking
LLE,Malelane
MZY,Mossel Bay
MZQ,Mkuze
NCS,Newcastle
NGL,Ngala
NLP,Nelspruit
OVG,Overberg
OUH,Oudtshoorn
JNB,Johannesburg
AFD,Port Alfred
PLZ,Port Elizabeth
PBZ,Plettenberg Bay
PHW,Phalaborwa
JOH,Port St Johns
PRK,Prieska
PZB,Pietermaritzburg
NTY,Pilanesberg
PTG,Potgietersrus
PCF,Potchefstroom
UTW,Queenstown
RCB,Richards Bay
RVO,Reivilo
ROD,Robertson
SBU,Springbok
ZEC,Secunda
GSS,Belfast
SIS,Sishen
SZK,Skukuza
TDT,Welverdiend
THY,Thohoyandou
TCU,Homeward
LTA,Tzaneen
ULD,Ulundi
UTN,Upington
ULX,Ulusaba
UTT,Mthatha
VRU,Vyrburg
VIR,Durban
VRE,Vredendal
VYD,Vryheid
PRY,Pretoria
WKF,Pretoria
WEL,Welkom
FRW,Francistown
GNZ,Ghanzi
BBK,Kasane
KHW,Khwai River Lodge
MUB,Maun
GBE,Gaborone
SWX,Shakawe
TLD,Tuli Lodge
TBY,Tshabong
BZV,Brazzaville
DJM,Djambala
KNJ,Kindamba
LCO,Lague
MUY,Mouyondzi
SIB,Sibiti
NKY,Nkayi
ANJ,Zanaga
MSX,Mossendjo
BOE,Boundji
EWO,Ewo
GMM,Gamboma
ION,Impfondo
KEE,Kelle
MKJ,Makoua
FTX,Owando
SOE,Souanke
BTB,Betou
KMK,Makabana
DIS,Dolisie
PNR,Pointe Noire
MTS,Manzini
CRF,Carnot
BGF,Bangui
BGU,Bangassou
IRO,Birao
BEM,Bossembele
BBY,Bambari
NDL,N'Dele
BOP,Bouar
BIV,Bria
BSN,Bossangoa
BBT,Berberati
ODA,Ouadda
AIG,Yalinga
IMO,Zemio
MKI,Mboki
BTG,Batangafo
GDI,Melle
BMF,Bakouma
ODJ,Ouanda Djalle
RFA,Rafai
BCF,Bouca
BOZ,Bozoum
SSG,Malabo
ASI,Ascension Island
MRU,Port Louis
RRG,Port Mathurin
NKS,Nkongsamba
KBI,Kribi
TKC,Tiko
DLA,Douala
MMF,Mamfe
BLC,Bali
KLE,Kaele
OUR,Batouri
GXX,Yagoua
MVR,Maroua
FOM,Foumban
NGE,N'Gaoundere
BTA,Bertoua
GOU,Garoua
DSC,Dschang
BFX,Bafoussam
BPC,Bamenda
EBW,Ebolowa
YAO,Yaounde
NSI,Yaounde
MMQ,Mbala
CIP,Chipata
JEK,Lower Zambezi National Park
ZKP,Kasompe
LUN,Lusaka
KLB,Kalabo
KMZ,Kaoma
KAA,Kasama
ZKB,Kasaba Bay
LVI,Livingstone
LXU,Lukulu
MNS,Mansa
MFU,Mfuwe
MNR,Mongu
ZGM,Ngoma
NLA,Ndola
SXG,Senanga
KIW,Kitwe
SJQ,Sesheke
SLI,Solwesi
BBZ,Zambezi
HAH,Moroni
YVA,Moroni
AJN,Ouani
DZA,Dzaoudzi
RUN,St Denis
ZSE,St Pierre
WML,Malaimbandy
ATJ,Antsirabe
WAQ,Antsalova
VVB,Mahanoro
TNR,Antananarivo
JVA,Ankavandra
BMD,Belo sur Tsiribihina
MXT,Maintirano
ILK,Ilaka
TVA,Morafenobe
WTA,Tambohorano
WTS,Tsiroanomandidy
VAT,Vatomandry
WAM,Ambatondrazaka
WMR,Mananara Nord
WBD,Befandriana
WPB,Port Berge
IVA,Ambanja
NOS,Nosy Be
DWB,Soalala
WMP,Mampikony
TTS,Tsaratanana
WAI,Antsohihy
WMA,Mandritsara
WBO,Beroroha
WMD,Mandabe
FTU,Tolanaro
IHO,Ihosy
MJA,Manja
OVA,Bekily
TDV,Tanandava
VND,Vangaindrano
BKU,Betioky
AMP,Ampanihy
WAK,Ankazoabo
AZZ,Ambriz
SSY,Mbanza Congo
BUG,Benguela
CAB,Cabinda
CFF,Cafunfo
PGI,Chitato
CBT,Catumbela
CTI,Cuito Cuanavale
CAV,Cazombo
DUE,Chitato
VPE,Ngiva
NOV,Huambo
SVP,Kuito
LAD,Luanda
MEG,Malanje
SPP,Menongue
MSZ,Namibe
GXG,Negage
PBN,Port Amboim
VHC,Saurimo
SZA,Soyo
NDD,Sumbe
UAL,Luau
SDD,Lubango
LUO,Luena
UGO,Uige
CEO,Waco Kungo
XGN,Xangongo
ARZ,N'zeto
BGB,Booue
KDN,Ndende
FOU,Fougamou
MBC,M'Bigou
MGX,Moabi
KDJ,N'Djole
KOU,Koulamoutou
MJL,Mouila
OYE,Oyem
OKN,Okondja
LBQ,Lambarene
MVX,Minvoul
BMM,Bitam
MFF,Moanda
MKB,Mekambo
POG,Port Gentil
OMB,Omboue
MKU,Makokou
LBV,Libreville
MZC,Mitzic
MVB,Franceville
LTL,Lastourville
TCH,Tchibanga
MYB,Mayumba
TMS,Sao Tome
ANO,Angoche
BEW,Beira
FXO,Cuamba
VPY,Chimoio
IHC,Inhaca
INH,Inhambabe
VXC,Lichinga
LFB,Lumbo
MPM,Maputo
MUD,Mueda
MZB,Mocimboa da Praia
MNC,Nacala
APL,Nampula
POL,Pemba / Porto Amelia
UEL,Quelimane
TET,Tete
VNX,Vilanculo
VJB,Xai-Xai
DES,Desroches Island
SEZ,Mahe Island
PRI,Praslin Island
BDI,Bird Island
DEI,Denis Island
FRK,Fregate Island
SRH,Sarh
OGR,Bongor
LTC,Lai
ATV,Ati
NDJ,N'Djamena
BKR,Bokoro
OTC,Bol
MVO,Mongo
AMC,Am Timan
PLF,Pala
OUT,Bousso
AMO,Mao
BUQ,Bulawayo
CHJ,Chipinge
BFO,Chiredzi
VFA,Victoria Falls
HRE,Harare
KAB,Kariba
MVZ,Masvingo
GWE,Gweru
HWN,Hwange
WKI,Hwange
BLZ,Blantyre
CMK,Club Makokola
DWA,Dwangwa
KGJ,Karonga
KBQ,Kasungu
LLW,Lilongwe
LIX,Likoma Island
MAI,Mangochi
MYZ,Monkey Bay
LMB,Salima
ZZU,Mzuzu
LEF,Lebakeng
LRB,Leribe
LES,Lesobeng
MFC,Mafeteng
MKH,Mokhotlong
MSU,Maseru
NKU,Nkaus
PEL,Pelaneng
UTG,Quthing
UNE,Qacha's Nek
SHK,Sehonghong
SKQ,Sekakes
SOK,Semonkong
SHZ,Seshutes
THB,Thaba-Tseka
TKO,Tlokoeng
ADI,Arandis
GOG,Gobabis
GFY,Grootfontein
MPA,Mpacha
KMP,Keetmanshoop
LUD,Luderitz
OKU,Mokuti Lodge
NNI,Namutoni
OND,Ondangwa
OMG,Omega
OMD,Oranjemund
OKF,Okaukuejo
NDU,Rundu
SWP,Swakopmund
TSB,Tsumeb
WVB,Walvis Bay
ERS,Windhoek
WDH,Windhoek
FIH,Kinshasa
BOA,Boma
LZI,Luozi
MAT,Matadi
NKL,Nkolo Fuma
INO,Inongo
NIO,Nioki
KRZ,Kiri
IDF,Idiofa
LUS,Lusanga
MSM,Masi Manimba
MDK,Mbandaka
BSU,Basankusu
LIE,Libenge
GMA,Gemena
BMB,Bumbar
BNB,Boende
IKL,Ikela
FKI,Kisangani
YAN,Yangambi
RUE,Butembo
GOM,Goma
BNC,Beni
KND,Kindu
KLY,Kalima
PUN,Punia
FBM,Lubumbashi
PWO,Pweto
KEC,Kasenga
MNO,Manono
BDV,Moba
KBO,Kabalo
KOO,Kongolo
KAP,Kapanga
KNM,Kaniama
KGA,Kananga
LZA,Luiza
TSH,Tshikapa
LJA,Lodja
LBO,Lusambo
MEW,Mweka
BAN,Basongo
PFR,Ilebo
MJM,Mbuji Mayi
GDJ,Gandajika
KBN,Kabinda
BKO,Senou
GUD,Goundam
KNZ,Kenieba
KTX,Koutiala
NRM,Nara
NIX,Nioro du Sahel
KSS,Sikasso
TOM,Timbuktu
EYL,Yelimane
BJL,Banjul
FUE,Fuerteventura Island
GMZ,Alajero
VDE,El Hierro Island
SPC,Sta Cruz de la Palma
LPA,Gran Canaria Island
ACE,Lanzarote Island
TFS,Tenerife Island
TFN,Tenerife Island
MLN,Melilla Island
BTE,Bonthe
KBS,Bo
GBK,Gbangbatok
HGS,Freetown
KBA,Kabala
KEN,Kenema
FNA,Freetown
WYE,Yengema
BQE,Bubaque
OXB,Bissau
UCN,Buchanan
CPA,Harper
SNI,Greenville
MLW,Monrovia
NIA,Nimba
ROB,Monrovia
SAZ,Sasstown
THC,Tchien
VOI,Voinjama
AGA,Agadir
TTA,Tan Tan
OZG,Zagora
UAR,Bouarfa
FEZ,Fes
ERH,Errachidia
MEK,Meknes
OUD,Oujda
SMW,Smara
GMD,Ben Slimane
RBA,Rabat
SII,Sidi Ifni
VIL,Dakhla
ESU,Essaouira
EUN,El Aaiun
CMN,Casablanca
NDR,Nador
RAK,Marrakech
OZZ,Ouarzazate
AHU,Al Hoceima
TNG,Tangier
DSS,Diass
KDA,Kolda
ZIG,Ziguinchor
CSK,Cap Skirring
KLC,Kaolack
DKR,Dakar
MAX,Matam
POD,Podor
RDT,Richard Toll
XLS,Saint Louis
BXE,Bakel
KGG,Kedougou
SMY,Simenti
TUD,Tambacounda
AEO,Aioun El Atrouss
OTL,Boutilimit
THI,Tichitt
TIY,Tidjikja
BGH,Boghe
KFA,Kiffa
TMD,Timbedra
EMN,Nema
AJJ,Akjoujt
KED,Kaedi
MOM,Moudjeria
NKC,Nouakchott
SEY,Selibaby
THT,Tamchakett
ATR,Atar
FGD,Fderik
NDB,Nouadhibou
OUZ,Zouerate
CKY,Conakry
KSI,Kissidougou
MCA,Macenta
NZE,Nzerekore
BKJ,Boke
SBI,Koundara
GII,Siguiri
KNN,Kankan
SID,Espargos
NTO,Ponta do Sol
BVC,Rabil
BVR,Brava Island
MMO,Vila do Maio
MTI,Vila do Mosteiros
RAI,Praia
SFL,Sao Filipe
SNE,Preguica
VXE,Sao Pedro
ADD,Addis Ababa
BCO,Baco
BJR,Bahir Dar
BEI,Beica
DSE,Dessie
DEM,Dembidollo
DBM,Debra Marcos
DIR,Dire Dawa
DBT,Debre Tabor
FNH,Fincha
GOB,Goba
GNN,Ghinnir
GMB,Gambela
GDQ,Gondar
GDE,Gode
GOR,Gore
HUE,Humera
JIJ,Jijiga
JIM,Jimma
ABK,Kabri Dehar
LFO,Kelafo
AWA,Awassa
LLI,Lalibela
NDM,Mendi
MTF,Mizan Teferi
NEJ,Nejjo
NEK,Nekemte
SXU,Soddu
ASO,Asosa
TIE,Tippi
WAC,Waca
BJM,Bujumbura
GID,Gitega
KRE,Kirundo
ALU,Alula
BIB,Baidoa
CXN,Candala
HCM,Eil
BSA,Bosaso
GSR,Gardo
HGA,Hargeisa
BBO,Berbera
MGQ,Mogadishu
CMO,Obbia
GLK,Galcaio
CMS,Scusciuban
ERA,Erigavo
BUO,Burao
JIB,Djibouti City
AII,Ali-Sabieh
MHI,Moucha Island
OBC,Obock
TDJ,Tadjoura
SEW,Siwa
DBB,El Alamein
AAC,El Arish
ATZ,Assiut
ALY,Alexandria
HBE,Alexandria
ABS,Abu Simbel
CAI,Cairo
HRG,Hurghada
LXR,Luxor
RMF,Marsa Alam
HMB,Sohag
MUH,Mersa Matruh
PSD,Port Said
SSH,Sharm el-Sheikh
ASW,Aswan
SPX,Giza
TCP,Taba
ASM,Asmara
MSW,Massawa
ASA,Asab
TES,Tessenei
ASV,Amboseli National Park
EDL,Eldoret
EYS,Eliye Springs
KLK,Kalokol
GAS,Garissa
HOA,Hola
NBO,Nairobi
GGM,Kakamega
KIS,Kisumu
ILU,Kilaguni
KEY,Kericho
KTL,Kitale
LKG,Lokichoggio
LOK,Lodwar
LAU,Lamu
LOY,Loyengalani
NDE,Mandera
RBT,Marsabit
JJM,Meru-Kinna
MYD,Malindi
MBA,Mombasa
MRE,Masai Mara
OYL,Moyale (Lower)
NYE,Nyeri
NUU,Nakuru
WIL,Nairobi
NYK,Nanyuki
UAS,Samburu South
UKA,Ukunda
WJR,Wajir
SRX,Sirt
TOB,Tobruk
GHT,Ghat
AKF,Kufra
BEN,Benghazi
MJI,Tripoli
LAQ,Al Bayda'
SEB,Sabha
TIP,Tripoli
LTD,Ghadames
WAX,Zuwara
GYI,Gisenyi
BTQ,Butare
KGL,Kigali
RHG,Ruhengeri
KME,Kamembe
ATB,Atbara
EDB,El Debba
DOG,Dongola
RSS,Ad Damazin
ELF,El Fasher
GSU,Gedaref
DNX,Dinder
EGN,Geneina
KSL,Kassala
GBU,Khashm El Girba
KST,Kosti
KDX,Kadugli
RBX,Rumbek
MWE,Merowe
NUD,En Nahud
UYL,Nyala
NHF,New Halfa
EBD,Al-Ubayyid
PZU,Port Sudan
JUB,Juba
MAK,Malakal
KRT,Khartoum
WHF,Wadi Halfa
WUU,Wau
ARK,Arusha
BKZ,Bukoba
DAR,Dar es Salaam
DOD,Dodoma
IRI,Nduli
TKQ,Kigoma
KIY,Kilwa Masoko
JRO,Arusha
LDI,Lindi
LKY,Lake Manyara National Park
MFA,Mafia Island
MBI,Mbeya
MWN,Mwadui
XMI,Masasi
MYW,Mtwara
MUZ,Musoma
MWZ,Mwanza
NCH,Nachingwea
JOM,Njombe
PMA,Chake
SEU,Seronera
SGX,Songea
SUT,Sumbawanga
SHY,Shinyanga
TBO,Tabora
TGT,Tanga
ZNZ,Kiembi Samaki
RUA,Arua
EBB,Kampala
ULU,Gulu
JIN,Jinja
KBG,Kabalega Falls
KSE,Kasese
MBQ,Mbarara
KCU,Masindi
SRT,Soroti
TRY,Tororo
AMK,Durango
BDX,Broadus
FID,Fishers Island
GCW,Peach Springs
ROF,Montague
MIJ,Mili Island
GNF,Quincy
GTP,Grants Pass
GCD,Electric City
FMU,Florence
ATE,Antlers
AAF,Apalachicola
ABE,Allentown
ABI,Abilene
ABQ,Albuquerque
ABR,Aberdeen
ABY,Albany
ACB,Bellaire
ACK,Nantucket
ACT,Waco
ACV,Arcata/Eureka
ACY,Atlantic City
ADG,Adrian
ADT,Ada
ADM,Ardmore
ADS,Dallas
ADW,Camp Springs
AEL,Albert Lea
AEX,Alexandria
AFF,Colorado Springs
WSG,Washington
AFN,Jaffrey
AFO,Afton
AFW,Fort Worth
AGC,Pittsburgh
AGO,Magnolia
AGS,Augusta
AHC,Herlong
AHH,Amery
AHN,Athens
AIA,Alliance
AID,Anderson
AIK,Aiken
AIO,Atlantic
AIV,Aliceville
AIZ,Kaiser/Lake Ozark
AKO,Akron
AKC,Akron
ALB,Albany
ALI,Alice
ALM,Alamogordo
ALN,Alton/St Louis
ALO,Waterloo
ALS,Alamosa
ALW,Walla Walla
ALX,Alexander City
AMA,Amarillo
AMN,Alma
AMW,Ames
ANB,Anniston
AND,Anderson
ANP,Annapolis
ANQ,Angola
ANW,Ainsworth
ANY,Anthony
AOH,Lima
AOO,Altoona
APA,Denver
APC,Napa
APF,Naples
APG,Aberdeen Proving Grounds(Aberdeen)
APH,Fort A. P. Hill
APN,Alpena
APT,Jasper
APV,Apple Valley
ARA,New Iberia
ARB,Ann Arbor
ARG,Walnut Ridge
AUZ,Chicago/Aurora
ART,Watertown
ARV,Minocqua-Woodruff
BFT,Beaufort
ASE,Aspen
ASH,Nashua
ASL,Marshall
ASN,Talladega
AST,Astoria
ASX,Ashland
ASY,Ashley
ATL,Atlanta
ATS,Artesia
ATW,Appleton
ATY,Watertown
AUG,Augusta
AUM,Austin
AUN,Auburn
AUO,Auburn
AUS,Austin
AUW,Wausau
AVL,Asheville
AVO,Avon Park
AVP,Wilkes-Barre/Scranton
AVW,Marana
AWM,West Memphis
AXG,Algona
AXN,Alexandria
AXS,Altus
AXV,Wapakoneta
AXX,Angel Fire
AYS,Waycross
AZO,Kalamazoo
BAB,Marysville
BAD,Bossier City
BAF,Westfield/Springfield
BBB,Benson
BBD,Brady
BKG,Branson
BTN,Bennettsville
BBW,Broken Bow
BCB,Blacksburg
BCE,Bryce Canyon
BCT,Boca Raton
BDE,Baudette
BDL,Windsor Locks
BDR,Bridgeport
BEC,Wichita
BED,Bedford
BEH,Benton Harbor
BFD,Bradford
BFF,Scottsbluff
BFI,Seattle
BFL,Bakersfield
BFM,Mobile
BFR,Bedford
BGD,Borger
BGE,Bainbridge
BGM,Binghamton
BGR,Bangor
BHB,Bar Harbor
BHM,Birmingham
BID,Block Island
BIE,Beatrice
BIF,Fort Bliss/El Paso/
BIH,Bishop
BIL,Billings
BIS,Bismarck
BIX,Biloxi
BJC,Denver
BJI,Bemidji
BKD,Breckenridge
BKE,Baker City
BFK,Aurora
BKL,Cleveland
BWL,Blackwell
BKT,Blackstone
BKW,Beckley
BKX,Brookings
BLF,Bluefield
BLH,Blythe
BLI,Bellingham
BLU,Emigrant Gap
BLV,Belleville
BMC,Brigham City
BMG,Bloomington
BMI,Bloomington/Normal
BML,Berlin
BMT,Beaumont
BNA,Nashville
BNG,Banning
BNL,Barnwell
BNO,Burns
BNW,Boone
BOI,Boise
BOS,Boston
BOW,Bartow
BPI,Big Piney
WMH,Mountain Home
BPT,Beaumont/Port Arthur
BQK,Brunswick
BRD,Brainerd
BRL,Burlington
BRO,Brownsville
BRY,Bardstown
BTF,Bountiful
BTL,Battle Creek
BTM,Butte
BTR,Baton Rouge
BTV,Burlington
BTY,Beatty
BUB,Burwell
BUF,Buffalo
BUM,Butler
BUR,Burbank
BFP,Beaver Falls
BVO,Bartlesville
BLD,Boulder City
BVX,Batesville
BVY,Beverly
BWC,Brawley
BWD,Brownwood
BWG,Bowling Green
BWI,Baltimore
WAH,Wahpeton
BXA,Bogalusa
BXK,Buckeye
NHZ,Brunswick
BYS,Fort Irwin/Barstow
BBC,Bay City
BZN,Bozeman
CAD,Cadillac
CAE,Columbia
CAK,Akron
CAO,Clayton
CBE,Cumberland
CBF,Council Bluffs
CBK,Colby
CBM,Columbus
CCB,Upland
CCR,Concord
CCY,Charles City
LLX,Lyndonville
CDC,Cedar City
CDH,Camden
CDK,Cedar Key
CDN,Camden
CDR,Chadron
CDS,Childress
CDW,Caldwell
CEC,Crescent City
CEF,Springfield/Chicopee
CEZ,Cortez
CGI,Cape Girardeau
CHA,Chattanooga
CHO,Charlottesville
CHS,Charleston
CID,Cedar Rapids
CIN,Carroll
CIU,Sault Ste Marie
CKB,Clarksburg
CLE,Cleveland
CLL,College Station
CLM,Port Angeles
CLT,Charlotte
CMH,Columbus
CMI,Champaign/Urbana
CMX,Hancock
CNM,Carlsbad
COD,Cody
COS,Colorado Springs
COU,Columbia
CPR,Casper
CRP,Corpus Christi
CRW,Charleston
CSG,Columbus
CVG,Covington
CVN,Clovis
CWA,Mosinee
KIP,Wichita Falls
CWF,Lake Charles
CYS,Cheyenne
DAA,Fort Belvoir
DAB,Daytona Beach
DAG,Daggett
DAL,Dallas
DAN,Danville
DAY,Dayton
DBN,Dublin
DBQ,Dubuque
DCA,Washington
DCU,Decatur
DDC,Dodge City
DEC,Decatur
DEH,Decorah
DEN,Denver
DET,Detroit
DFI,Defiance
DFW,Dallas-Fort Worth
DGL,Douglas
DGW,Douglas
DHN,Dothan
DHT,Dalhart
DIK,Dickinson
DLH,Duluth
DNL,Augusta
DPA,Chicago/West Chicago
DPG,Dugway Proving Ground
DRO,Durango
DRT,Del Rio
DSM,Des Moines
DSV,Dansville
DTA,Delta
DTL,Detroit Lakes
DTN,Shreveport
DSI,Destin
DTW,Detroit
DUA,Durant
DUC,Duncan
DUG,Douglas Bisbee
DUJ,Dubois
DVL,Devils Lake
DVN,Davenport
DVT,Phoenix
DWH,Houston
DXR,Danbury
DYL,Doylestown
DYS,Abilene
CCG,Crane
BGQ,Big Lake
BGT,Bagdad
EAR,Kearney
EAT,Wenatchee
EAU,Eau Claire
EBS,Webster City
ECG,Elizabeth City
ECP,Panama City
EEN,Keene
EFK,Newport
EGE,Eagle
EKO,Elko
ELD,El Dorado
ELM,Elmira/Corning
ELP,El Paso
END,Enid
ENV,Wendover
ERI,Erie
EUG,Eugene
EVV,Evansville
EVW,Evanston
EWB,New Bedford
EWK,Newton
EWN,New Bern
EWR,Newark
EYW,Key West
FAR,Fargo
FAT,Fresno
FAY,Fayetteville
FBG,Fort Bragg
FCS,Fort Carson
FFO,Dayton
FRD,Friday Harbor
FHU,Fort Huachuca Sierra Vista
FKN,Franklin
FLG,Flagstaff
FLL,Fort Lauderdale
FLO,Florence
FNT,Flint
FOD,Fort Dodge
FOE,Topeka
FIL,Fillmore
FPR,Fort Pierce
FPY,Perry
FRH,French Lick
FRI,Fort Riley(Junction City)
FRM,Fairmont
FSD,Sioux Falls
FSI,Fort Sill
FSM,Fort Smith
FMS,Fort Madison
FTW,Fort Worth
FUL,Fullerton
FWA,Fort Wayne
FYV,Fayetteville
GAB,Gabbs
GAG,Gage
GBD,Great Bend
GCC,Gillette
GCK,Garden City
GCN,Grand Canyon
GDV,Glendive
GEG,Spokane
GFK,Grand Forks
GGG,Longview
GGW,Glasgow
IDH,Grangeville
GJT,Grand Junction
GLH,Greenville
GLS,Galveston
GNV,Gainesville
GON,Groton (New London)
FCA,Kalispell
GPT,Gulfport
GRB,Green Bay
GRI,Grand Island
GRK,Fort Hood/Killeen
GRR,Grand Rapids
GSO,Greensboro
GSP,Greer
GTF,Great Falls
GTR,Columbus/W Point/Starkville
GUC,Gunnison
GUP,Gallup
GVT,Greenville
HDN,Hayden
HGR,Hagerstown
HIB,Hibbing
HIO,Portland
HKY,Hickory
HLN,Helena
HON,Huron
HOT,Hot Springs
HOU,Houston
HPN,White Plains
HRL,Harlingen
HRO,Harrison
HNC,Hatteras
HSV,Huntsville
HTS,Huntington
HUF,Terre Haute
HVN,New Haven
HVR,Havre
HHH,Hilton Head Island
HYA,Hyannis
HYS,Hays
IAB,Wichita
IAD,Washington
IAG,Niagara Falls
IAH,Houston
ICT,Wichita
IDA,Idaho Falls
XPR,Pine Ridge
IFP,Bullhead City
IGM,Kingman
ILG,Wilmington
ILM,Wilmington
IMT,Iron Mountain Kingsford
IND,Indianapolis
INL,International Falls
INT,Winston Salem
IPL,Imperial
IPT,Williamsport
IRK,Kirksville
ISP,New York
ITH,Ithaca
AZA,Phoenix
IYK,Inyokern
JAC,Jackson
JAN,Jackson
JAX,Jacksonville
JBR,Jonesboro
JFK,New York
JLN,Joplin
JMS,Jamestown
USA,Concord
JST,Johnstown
BXS,Borrego Springs
LAF,Lafayette
LAN,Lansing
LAR,Laramie
LAS,Las Vegas
LAW,Lawton
LAX,Los Angeles
LBB,Lubbock
LBE,Latrobe
LBF,North Platte
LBL,Liberal
LCH,Lake Charles
LEB,Lebanon
LEX,Lexington
LFT,Lafayette
LGA,New York
LGB,Long Beach
LIT,Little Rock
LMT,Klamath Falls
LNK,Lincoln
LNS,Lancaster
BBX,Philadelphia
LRD,Laredo
LRU,Las Cruces
LSE,La Crosse
LUK,Cincinnati
LWB,Lewisburg
LWS,Lewiston
LWT,Lewistown
LYH,Lynchburg
MAF,Midland
MBS,Saginaw
MCE,Merced
MCI,Kansas City
MCN,Macon
MCO,Orlando
MCW,Mason City
MDD,Midland
MDH,Carbondale/Murphysboro
MDT,Harrisburg
MDW,Chicago
MEI,Meridian
MEM,Memphis
MFE,Mc Allen
MFR,Medford
MGM,Montgomery
MGW,Morgantown
MHK,Manhattan
MHT,Manchester
MHV,Mojave
MIA,Miami
MIE,Muncie
MKC,Kansas City
MKE,Milwaukee
MKG,Muskegon
MKL,Jackson
MLB,Melbourne
MLI,Moline
MLS,Miles City
MLU,Monroe
MMH,Mammoth Lakes
MMU,Morristown
MOB,Mobile
MOD,Modesto
MOT,Minot
RMY,Mariposa
MPV,Barre/Montpelier
MRY,Monterey
MSL,Muscle Shoals
MSN,Madison
MSO,Missoula
MSP,Minneapolis
MSS,Massena
MSY,New Orleans
MTJ,Montrose
MVL,Morrisville
MVY,Vineyard Haven
MYR,Myrtle Beach
DGN,Dahlgren
NEL,Lakehurst
NJK,El Centro
YUM,Yuma
NVN,Beckwourth
ODC,Oakdale
EYR,Yerington
OAJ,Jacksonville
OAK,Oakland
OAR,Marina
OGD,Ogden
OGS,Ogdensburg
OKC,Oklahoma City
OLD,Old Town
OLM,Olympia
OMA,Omaha
ONT,Ontario
ORD,Chicago
ORF,Norfolk
ORH,Worcester
ORL,Orlando
ESD,Eastsound
MPS,Mount Pleasant
OSH,Oshkosh
OTH,North Bend
OTM,Ottumwa
OWB,Owensboro
BSQ,Bisbee
HBK,Holbrook
CWX,Willcox
PAE,Everett
PAH,Paducah
PBG,Plattsburgh
PBI,West Palm Beach
PDK,Atlanta
PDX,Portland
PFC,Pacific City
PGA,Page
PGV,Greenville
PHF,Newport News
ADR,Andrews
PHL,Philadelphia
PHX,Phoenix
PIA,Peoria
PIB,Hattiesburg-Laurel
PIE,St Petersburg-Clearwater
PIH,Pocatello
PIR,Pierre
PIT,Pittsburgh
PKB,Parkersburg
PLN,Pellston
PMD,Palmdale
PNS,Pensacola
POU,Poughkeepsie
PQI,Presque Isle
PRC,Prescott
PSC,Pasco
PSM,Portsmouth
PSP,Palm Springs
PTK,Pontiac
PUB,Pueblo
PUW,Pullman/Moscow
PVD,Providence
PVU,Provo
PWM,Portland
PWT,Bremerton
RAP,Rapid City
RCT,Reed City
RDD,Redding
RDG,Reading
RDM,Redmond
RDU,Raleigh/Durham
RFD,Chicago/Rockford
RHI,Rhinelander
RIC,Richmond
RKD,Rockland
RKS,Rock Springs
RNO,Reno
ROA,Roanoke
ROC,Rochester
ROW,Roswell
RST,Rochester
RSW,Fort Myers
RUT,Rutland
RWI,Rocky Mount
RXE,Rexburg
AHM,Ashland
BDY,Bandon
SUO,Sunriver
SAC,Sacramento
SAF,Santa Fe
SAN,San Diego
SAS,Salton City
SAT,San Antonio
SAV,Savannah
MQT,Marquette
SBA,Santa Barbara
SBN,South Bend
SBP,San Luis Obispo
SBY,Salisbury
SDF,Louisville
SDY,Sidney
SEA,Seattle
SFB,Orlando
SFO,San Francisco
SGF,Springfield
UST,St Augustine
SGU,St George
SHD,Staunton/Waynesboro/Harrisonburg
SHR,Sheridan
SHV,Shreveport
SJC,San Jose
SJT,San Angelo
SLC,Salt Lake City
SLK,Saranac Lake
SLN,Salina
SMF,Sacramento
SMX,Santa Maria
SNA,Santa Ana
SOW,Show Low
SPI,Springfield
SPS,Wichita Falls
SRQ,Sarasota/Bradenton
STC,St Cloud
STL,St Louis
STP,St Paul
STS,Santa Rosa
SUN,Hailey
SUX,Sioux City
SVC,Silver City
SWF,New York
SWO,Stillwater
SYN,Stanton
SYR,Syracuse
SZP,Santa Paula
TAD,Trinidad
TBN,Fort Leonard Wood
TCL,Tuscaloosa
TEX,Telluride
THM,Thompson Falls
TLH,Tallahassee
TMB,Miami
OTK,Tillamook
ASQ,Austin
TOL,Toledo
TOR,Torrington
TPA,Tampa
TPL,Temple
PTA,Port Alsworth
TRI,Bristol/Johnson/Kingsport
TTN,Trenton
TUL,Tulsa
TUP,Tupelo
TUS,Tucson
TVC,Traverse City
TVL,South Lake Tahoe
TWF,Twin Falls
TXK,Texarkana
TYR,Tyler
TYS,Knoxville
BFG,Glen Canyon Natl Rec Area
RVR,Green River
ICS,Cascade
UIN,Quincy
ATO,Athens/Albany
SCE,State College
VAD,Valdosta
VCT,Victoria
VLD,Valdosta
VPS,Valparaiso/Destin-Ft Walton Beach
VRB,Vero Beach
VSF,Springfield
WAL,Wallops Island
WAY,Waynesburg
WRI,Wrightstown
WRL,Worland
XNA,Fayetteville/Springdale/Rogers
XWA,Williston
YIP,Detroit
YKM,Yakima
YNG,Youngstown/Warren
ZPH,Zephyrhills
ZZV,Zanesville
TIA,Tirana
BOJ,Burgas
GOZ,Gorna Oryahovitsa
JAM,Yambol
PDV,Plovdiv
SOF,Sofia
SLS,Silistra
SZR,Stara Zagora
VAR,Varna
ECN,Nicosia
LCA,Larnarca
PFO,Paphos
DBV,Dubrovnik
LSZ,Losinj
OSI,Osijek
PUY,Pula
RJK,Rijeka
BWK,Brac Island
SPU,Split
ZAG,Zagreb
ZAD,Zadar
ABC,Albacete
ALC,Alicante
LEI,Almeria
OVD,Ranon
ODB,Cordoba
BIO,Bilbao
RGS,Burgos
BCN,Barcelona
BJZ,Badajoz
CDT,Castellon de La Plana
LCG,Culleredo
ILD,Lleida
GRO,Girona
GRX,Granada
IBZ,Ibiza
XRY,Jerez de la Forntera
MJV,San Javier
LEN,Leon
RJL,Logrono
MAD,Madrid
AGP,Malaga
MAH,Menorca Island
RMU,Corvera
OZP,Moron
PMI,Palma De Mallorca
PNA,Pamplona
REU,Reus
ROZ,Rota
SLM,Salamanca
EAS,Hondarribia
SCQ,Santiago de Compostela
LEU,Montferrer / Castellbo
TOJ,Madrid
VLC,Valencia
VLL,Valladolid
VIT,Alava
VGO,Vigo
SDR,Santander
ZAZ,Zaragoza
SVQ,Sevilla
DPE,Dieppe
CQF,Marck
BYF,Albert/Bray
LTQ,Le Touquet-Paris-Plage
AGF,Agen/La Garenne
BOD,Bordeaux/Merignac
EGC,Bergerac/Roumaniere
CNG,Cognac/Chateaubernard
LRH,La Rochelle/Ile de Re
PIS,Poitiers/Biard
MCU,Montlucon/Gueret
LIG,Limoges/Bellegarde
NIT,Niort/Souche
TLS,Toulouse/Blagnac
PUF,Pau/Pyrenees (Uzein)
LDE,Tarbes/Lourdes/Pyrenees
ANG,Angouleme/Brie/Champniers
BVE,Brive-la-Gaillarde
PGX,Perigueux/Bassillac
BIQ,Biarritz/Anglet/Bayonne
ZAO,Cahors/Lalbenque
LBI,Albi/Le Sequestre
DCM,Castres/Mazamet
RDZ,Rodez/Marcillac
RYN,Royan/Medis
RCO,Rochefort/Saint-Agnant
IDY,Ile d'Yeu
CMR,Colmar/Houssen
DLE,Dole/Tavaux
MVV,Verdun
OBS,Aubenas/Ardeche Meridional
LPY,Le Puy/Loudes
AHZ,Bourg
ETZ,Metz / Nancy
ANE,Angers/Marce
BIA,Bastia/Poretta
CLY,Calvi/Sainte-Catherine
FSC,Figari Sud-Corse
AJA,Ajaccio/Napoleon Bonaparte
PRP,Propriano
SOZ,Solenzara
MFX,Ajaccio
AUF,Auxerre/Branches
CMF,Chambery/Aix-les-Bains
CFE,Clermont-Ferrand/Auvergne
BOU,Bourges
CVF,Courcheval
LYS,Lyon
SYT,Saint-Yan
RNE,Roanne/Renaison
NCY,Annecy/Meythet
GNB,Grenoble/Saint-Geoirs
VAF,Valence/Chabeuil
VHY,Vichy/Charmeil
AUR,Aurillac
CHR,Chateauroux/Deols
LYN,Lyon/Bron
CEQ,Cannes/Mandelieu
EBU,Saint-Etienne/Boutheon
CCF,Carcassonne/Salvaza
MRS,Marseille
NCE,Nice
PGF,Perpignan/Rivesaltes
CTT,Le Castellet
BAE,Le Castellet
MPL,Montpellier/Mediterranee
BZR,Beziers/Vias
AVN,Avignon/Caumont
GAT,Avignon
MEN,Mende/Brenoux
SCP,Mende
BVA,Beauvais/Tille
EVX,Evreux/Fauville
LEH,Le Havre/Octeville
ORE,Orleans/Bricy
XCR,Chalons/Vatry
LSO,Les Sables-d'Olonne
URO,Rouen/Vallee de Seine
TUF,Tours/Val de Loire (Loire Valley)
CET,Cholet/Le Pontreau
LVA,Laval/Entrammes
LBG,Paris
CSF,Creil
CDG,Paris
TNF,Toussus-le-Noble
ORY,Paris
POX,Pontoise
VIY,Villacoublay/Velizy
NVS,Nevers/Fourchambault
LIL,Lille/Lesquin
HZB,Merville/Calonne
BES,Brest/Guipavas
CER,Cherbourg/Maupertus
DNR,Dinard/Pleurtuit/Saint-Malo
LBY,La Baule-Escoublac
GFR,Granville
DOL,Deauville
LRT,Lorient/Lann/Bihoue
EDM,La Roche-sur-Yon/Les Ajoncs
LDV,Landivisiau
CFR,Caen/Carpiquet
LME,Le Mans/Arnage
RNS,Rennes/Saint-Jacques
LAI,Lannion
UIP,Quimper/Pluguffan
NTE,Nantes
SBK,Saint-Brieuc/Armor
MXN,Morlaix/Ploujean
VNE,Vannes/Meucon
SNR,Saint-Nazaire/Montoir
BSL,Bale/Mulhouse
DIJ,Dijon/Longvic
MZM,Metz/Frescaty
EPL,Epinal/Mirecourt
ENC,Nancy/Essey
RHE,Reims/Champagne
SXB,Strasbourg
VTL,Luxeuil
TLN,Toulon/Hyeres/Le Palyvestre
FNI,Nimes/Garons
LTT,La Mole
MQC,Miquelon
FSP,Saint-Pierre
PYR,Andravida
AGQ,Agrinion
AXD,Alexandroupolis
HEW,Athens
ATH,Athens
VOL,Nea Anchialos
JKH,Chios Island
PKH,Porto Cheli
JIK,Ikaria Island
IOA,Ioannina
HER,Heraklion
KSO,Kastoria
KIT,Kithira Island
EFL,Kefallinia Island
KZS,Kastelorizo Island
KLX,Kalamata
KGS,Kos Island
AOK,Karpathos Island
CFU,Kerkyra Island
KSJ,Kasos Island
KVA,Kavala
KZI,Kozani
LRS,Leros Island
LXS,Limnos Island
LRA,Larisa
JMK,Mykonos Island
MLO,Milos Island
MJT,Mytilene
JNX,Naxos Island
PAS,Paros Island
JTY,Astypalaia Island
PVK,Preveza/Lefkada
RHO,Rodes Island
GPA,Patras
CHQ,Souda
JSI,Skiathos
SMI,Samos Island
JSY,Syros Island
SPJ,Sparti
JTR,Santorini Island
JSH,Crete Island
SKU,Skiros Island
SKG,Thessaloniki
ZTH,Zakynthos Island
BUD,Budapest
DEB,Debrecen
MCQ,Miskolc
PEV,Pecs-Pogany
QGY,Gyor
SOB,Sarmellek
TZR,Taszar
QZD,Szeged
CRV,Crotone
BRI,Bari
FOG,Foggia
TAR,Grottaglie
PSR,Pescara
BDS,Brindisi
SUF,Lamezia Terme
CIY,Comiso
CTA,Catania
LMP,Lampedusa
PNL,Pantelleria
PMO,Palermo
REG,Reggio Calabria
TPS,Trapani
BLX,Belluno
RAN,Ravenna
ZIA,Trento
AHO,Alghero
DCI,Decimomannu
CAG,Cagliari
OLB,Olbia
FNU,Oristano
TTB,Arbatax
MXP,Milan
BGY,Bergamo
TRN,Torino
ALL,Albenga
GOA,Genova
LIN,Milan
PMF,Parma
AOT,Aosta
CUF,Cuneo
AVB,Aviano
BZO,Bolzano
UDN,Udine
BLQ,Bologna
TSF,Treviso
FRL,Forli
VBS,Brescia
TRS,Trieste
RMI,Rimini
VIC,Vicenza
VRN,Verona
AOI,Ancona
VCE,Venezia
LCV,Lucca
SAY,Siena
CIA,Roma
FCO,Rome
QSR,Salerno
EBA,Marina  Di Campo
NAP,Napoli
PSA,Pisa
FLR,Firenze
GRS,Grosetto
PEG,Perugia
LJU,Ljubljana
POW,Portoroz
GTW,Holesov
UHE,Uherske Hradiste
KLV,Karlovy Vary
MKA,Marianske Lazne
OSR,Ostrava
PED,Pardubice
PRV,Prerov
PRG,Prague
BRQ,Brno
ZBE,Zabreh
TLV,Tel Aviv
BEV,Beersheva
ETM,Eilat
ETH,Eilat
EIY,Sapir
HFA,Haifa
RPN,Rosh Pina
KSW,Kiryat Shmona
MTZ,Masada
VTM,Beersheba
VDA,Eilat
MIP,Beersheba
SDV,Tel Aviv
YOT,Yotvata
MLA,Luqa
HOH,Hohenems / Dornbirn
GRZ,Graz
INN,Innsbruck
KLU,Klagenfurt am Worthersee
LNZ,Linz
SZG,Salzburg
VIE,Vienna
SMA,Vila do Porto
BYJ,Beja
BGZ,Braga
CHV,Chaves
CVU,Corvo
FLW,Santa Cruz das Flores
FAO,Faro
GRW,Santa Cruz da Graciosa
HOR,Horta
TER,Lajes
FNC,Funchal
PDL,Ponta Delgada
PIX,Pico Island
OPO,Porto
PXO,Vila Baleira
LIS,Lisbon
SJZ,Velas
BNX,Banja Luka
OMO,Mostar
SJJ,Sarajevo
TZL,Tuzla
ARW,Arad
BCM,Bacau
BAY,Baia Mare
BBU,Bucharest
CND,Constanta
CLJ,Cluj-Napoca
CSB,Caransebes
CRA,Craiova
IAS,Iasi
OMR,Oradea
OTP,Bucharest
SBZ,Sibiu
SUJ,Satu Mare
SCV,Suceava
TCE,Tulcea
TGM,Targu Mures
TSR,Timisoara
GVA,Geneva
QLS,Lausanne
SIR,Sion
LUG,Lugano
BRN,Bern
BXO,Buochs
ZRH,Zurich
MLH,Bale/Mulhouse
ACH,Altenrhein
ESB,Ankara
ANK,Ankara
ADA,Adana
UAB,Adana
AFY,Afyonkarahisar
AYT,Antalya
GZT,Gaziantep
KFS,Kastamonu
KYA,Konya
MZH,Amasya
SSX,Samsun
VAS,Sivas
ONQ,Zonguldak
MLX,Malatya
ASR,Kayseri
TJK,Tokat
DNZ,Denizli
NAV,Nevsehir
ISL,Istanbul
CII,Aydin
BTZ,Bursa
BZI,Balikesir
BDM,Bandirma
CKZ,Canakkale
ESK,Eskisehir
ADB,Izmir
IGL,Izmir
USQ,Usak
YEI,Bursa
DLM,Dalaman
TEQ,Corlu
BXN,Bodrum
AOE,Eskisehir
KZR,Altintas
EZS,Elazig
OGU,Ordu
DIY,Diyarbakir
ERC,Erzincan
ERZ,Erzurum
KSY,Kars
TZX,Trabzon
SFQ,Sanliurfa
VAN,Van
BAL,Batman
MSR,Mus
SXZ,Siirt
NOP,Sinop
KCM,Kahramanmaras
AJI,Agri
ADF,Adiyaman
MQM,Mardin
GNY,Sanliurfa
IGD,Igdir
YKO,Yüksekova
HTY,Hatay
ISE,Isparta
EDO,Edremit
BJV,Bodrum
GZP,Gazipasa
SZF,Samsun
SAW,Istanbul
GKD,Gokceada
IST,Istanbul
BZY,Strymba
KIV,Chisinau
OHD,Ohrid
SKP,Skopje
GIB,Gibraltar
BEG,Belgrad
IVG,Berane
BJY,Batajnica
INI,Nis
QND,Novi Sad
TGD,Podgorica
PRN,Prishtina
TIV,Tivat
UZC,Uzice
QWV,Valjevo
ZRE,Zrenjanin
BTS,Bratislava
KSC,Kosice
LUE,Lucenec
PZY,Piestany
POV,Presov
SLD,Sliac
TAT,Poprad
ILZ,Zilina
GDT,Cockburn Town
MDS,Middle Caicos
PIC,Pine Cay
PLS,Providenciales Island
SLX,Salt Cay
BRX,Barahona
CBJ,Cabo Rojo
AZS,Samana
COZ,Costanza
JBQ,La Isabela
LRM,La Romana
PUJ,Punta Cana
EPS,Samana
POP,Puerto Plata
SNX,Sabana de Mar
SDQ,Santo Domingo
STI,Santiago
CBV,Coban
CIQ,Chiquimula
CMM,Carmelita
CTF,Coatepeque
DON,Dos Lagunas
GUA,Guatemala City
HUG,Huehuetenango
MCR,Melchor de Mencos
PBR,Puerto Barrios
PCG,Paso Caballos
PKJ,Playa Grande
PON,Poptun
AQB,Santa Cruz del Quiche
AAZ,Quezaltenango
RUV,Rubelsanto
LCF,Rio Dulce
RER,Retalhuleu
GSJ,Puerto San Jose
FRS,San Benito
UAX,Uaxactun
AHS,Ahuas
BHG,Brus Laguna
CAA,Catacamas
CDD,Cauquira
JUT,Jutigalpa
LCE,La Ceiba
LEZ,La Esperanza
SAP,La Mesa
GJA,Guanaja
PEU,Puerto Lempira
XPL,Comayagua
RTB,Roatan Island
SDH,Santa Rosa de Copan
RUY,Ruinas de Copan
TEA,Tela
TGU,Tegucigalpa
TJI,Trujillo
SCD,Sulaco
UII,Utila Island
OCJ,Ocho Rios
KIN,Kingston
MBJ,Montego Bay
POT,Ken Jones
NEG,Negril
KTP,Tinson Pen
ACA,Acapulco
AGU,Aguascalientes
HUX,Huatulco
ACN,Ciudad Acuna
CME,Ciudad del Carmen
CUL,Culiacan
CTM,Chetumal
CEN,Ciudad Obregon
CPE,Campeche
CJS,Ciudad Juarez
CUU,Chihuahua
CVM,Ciudad Victoria
CYW,Celaya
CZM,Cozumel
CUA,Ciudad Constitucion
MMC,Ciudad Mante
DGO,Durango
TPQ,Tepic
GDL,Guadalajara
GYM,Guaymas
GUB,Guerrero Negro
HMO,Hermosillo
CLQ,Colima
SLW,Saltillo
JAL,Xalapa
LZC,Lazaro Cardenas
LMM,Los Mochis
BJX,Silao
LAP,La Paz
LTO,Loreto
MAM,Matamoros
MID,Merida
MUG,Mulege
MXL,Mexicali
MLM,Morelia
MTT,Minatitlan
MEX,Mexico City
MTY,Monterrey
MZT,Mazatlan
NLD,Nuevo Laredo
OAX,Oaxaca
PAZ,Poza Rica
PBC,Puebla
PPE,Puerto Penasco
PCO,La Ribera
PVR,Puerto Vallarta
PXM,Puerto Escondido
QRO,Queretaro
REX,Reynosa
SJD,San Jose del Cabo
NLU,Reyes Acozac
SLP,San Luis Potosi
TRC,Torreon
TGZ,Tuxtla Gutierrez
TIJ,Tijuana
TAM,Tampico
TLC,Toluca
TAP,Tapachula
CUN,Cancun
VSA,Villahermosa
VER,Veracruz
ZCL,Zacatecas
ZIH,Ixtapa
ZLO,Manzanillo
BEF,Bluefileds
BZA,Bonanza
RNI,Corn Island
MGA,Managua
NVG,Nueva Guinea
PUZ,Puerto Cabezas
RFS,La Rosita
NCR,San Carlos
SIU,Siuna
WSP,Waspam
BOC,Isla Colon
CTD,Chitre
CHX,Changuinola
DAV,David
ONX,Colon
JQE,Jaque
PLP,La Palma
PAC,Albrook
BLB,Panama City
SYP,Santiago
RIH,Río Hato
PTY,Tocumen
NBL,Wannukandi
FON,La Fortuna/San Carlos
TTQ,Roxana
BAI,Punta Arenas
BCL,Pococi
CSC,Guapiles
OTR,Corredores
RIK,Nicoya
DRK,Puntarenas
FMG,Brasilito
GLF,Golfito
GPL,Pococi
PBP,Nandayure
LIR,Liberia
LSL,Los Chiles
LIO,Puerto Limon
NCT,Nicoya/Guanacate
NOB,Nicoya
SJO,San Jose
PJM,Puerto Jimenez
PMZ,Palmar Sur
SYQ,San Jose
XQP,Quepos
RFR,Rio Frio / Progreso
PLD,Playa Samara
TOO,Coto Brus
TNO,Santa Cruz
TMU,Nicoya
UPL,Upala
SAL,Santa Clara
CYA,Les Cayes
CAP,Cap Haitien
JAK,Jacmel
JEE,Jeremie
PAP,Port-au-Prince
PAX,Port-de-Paix
BCA,Baracoa
BWW,Cayo Santa Maria
BYM,Bayamo
AVI,Ciego de Avila
CCC,Cayo Coco
CFG,Cienfuegos
CYO,Cayo Largo del Sur
CMW,Camaguey
QCO,Colon
SCU,Santiago
NBW,Guantanamo Bay Naval Station
GAO,Guantanamo
HAV,Havana
HOG,Holguin
VRO,Matanzas
LCL,Pinar del Rio
UMA,Maisi
MJG,Mayajigua
MOA,Moa
MZO,Manzanillo
QSN,San Nicolas
ICR,Nicaro
GER,Nueva Gerona
UPB,Havana
QPD,Pinar del Rio
SNU,Santa Clara
SNJ,Pinar Del Rio
SZJ,Isla de la Juventud
USS,Sancti Spiritus
TND,Trinidad
VRA,Varadero
VTU,Las Tunas
CYB,Cayman Brac
LYB,Little Cayman
GCM,Georgetown
MAY,Mangrove Cay
COX,Andros
MHH,Marsh Harbour
SAQ,Andros Island
AXP,Spring Point
TCB,Treasure Cay
BIM,South Bimini
ATC,Arthur's Town
CAT,Cat Island
CXY,Cat Cay
CRI,Colonel Hill
PWN,Pitts Town
GGT,George Town
ELH,North Eleuthera
GHB,Governor's Harbour
RSD,Rock Sound
FPO,Freeport
WTD,West End
IGA,Matthew Town
LGI,Deadman's Cay
SML,Stella Maris
MYG,Mayaguana
NAS,Nassau
PID,Nassau
ZSA,San Salvador
BZE,Belize City
AIT,Aitutaki
AIU,Atiu Island
MGS,Mangaia Island
MHX,Manihiki Island
MUK,Mauke Island
MOI,Mitiaro Island
PYE,Penrhyn Island
RAR,Avarua
ICI,Cicia
NAN,Nadi
PTF,Malolo Lailai Island
KDV,Vunisea
MNF,Mana Island
MFJ,Moala
SUV,Nausori
LEV,Bureta
NGI,Ngau
LUC,Laucala Island
LKB,Lakeba Island
TVU,Matei
KXF,Koro Island
RTA,Rotuma
SVU,Savusavu
VAU,Vatukoula
KAY,Wakaya Island
ONU,Ono-I-Lau
YAS,Yasawa Island
EUA,Eua Island
TBU,Nuku'alofa
HPA,Lifuka
NIU,Angaha
NTT,Niuatoputapu
VAV,Vava'u Island
VBV,Vanua Balavu
VTF,Vatulele
ABF,Abaiang
BEZ,Beru
FUN,Funafuti
KUC,Kuria
MNK,Maiana
MZK,Marakei
MTK,Makin Island
NIG,Nikunau
OOT,Onotoa
TRW,Tarawa
AEA,Abemama Atoll
TMN,Tamana Island
NON,Nonouti
AIS,Arorae Island
TSU,Tabiteuea South
BBG,Butaritari Atoll
AAK,Buariki
IUE,Alofi
FUT,Futuna Island
WLS,Wallis Island
AAU,Asau
APW,Apia
FGI,Apia
FTI,Fitiuta Village
MXS,Maota
PPG,Pago Pago
PPT,Papeete
APK,Apataki
HHZ,Hikueru Atoll
NAU,Napuka Island
TKV,Tatakoto
PUK,Pukarua
NUK,Nukutavake
AHE,Ahe Atoll
KHZ,Kauehi
FHZ,Fakahina
UAP,Ua Pou
UAH,Ua Huka
BOB,Motu Mute
TTI,Tetiaroa
HUH,Fare
RFP,Uturoa
VHZ,Vahitahi
MTV,Ablow
SLH,Sola
TOH,Loh/Linua
EAE,Sangafa
CCV,Craig Cove
LOD,Longana
SSR,Pentecost Island
PBJ,Paama Island
LPM,Lamap
LNB,Lamen Bay
MWF,Maewo Island
LNE,Lonorore
NUS,Norsup
ZGU,Gaua Island
RCL,Redcliffe
SON,Luganville
TGH,Tongoa Island
ULB,Ambryn Island
VLS,Valesdir
WLH,Walaha
SWJ,Malekula Island
OLJ,Olpoi
AUY,Anelghowhat
AWD,Aniwa
DLY,Dillon's Bay
FTA,Futuna Island
IPA,Ipota
UIQ,Quion Hill
VLI,Port Vila
TGJ,Tiga
BMY,Waala
KNQ,Kone
ILP,Ile des Pins
HLU,Houailou
KOC,Koumac
LIF,Lifou
GEA,Noumea
IOU,Ile Ouen
PUV,Poum
PDC,Mueo
MEE,Mare
TOU,Touho
UVE,Ouvea
NOU,Noumea
AKL,Auckland
TUO,Taupo
AMZ,Manurewa
CHC,Christchurch
CHT,Waitangi
DUD,Dunedin
GBZ,Claris
GIS,Gisborne
GTN,Glentanner Station
HLZ,Hamilton
KKE,Kerikeri
KAT,Kaitaia
ALR,Alexandra
MRO,Masterton
NPL,New Plymouth
NSN,Nelson
IVC,Invercargill
PCN,Picton
ZQN,Queenstown
SZS,Oban
ROT,Rotorua
TRG,Tauranga
TKZ,Tokoroa
THH,Taharoa
TWZ,Twitzel
BHE,Blenheim
WLG,Wellington
WIR,Wairoa
WAG,Wanganui
BIN,Bamiyan
BST,Bost
CCN,Chakcharan
DAZ,Darwaz
FAH,Farah
FBD,Faizabad
KWH,Khwahan
OAI,Bagram
KBL,Kabul
KHT,Khost
LQN,Qala-I-Naw
OAS,Sharana
SGA,Sheghnan
TII,Tarin Kowt
ZAJ,Zaranj
BAH,Manama
AHB,Abha
DMM,Ad Dammam
DWD,Dawadmi
GIZ,Jizan
QJB,Jubail
JED,Jeddah
HBT,King Khaled Military City
MED,Medina
NUM,Neom Bay
AQI,Qaisumah
RAH,Rafha
RUH,Riyadh
RAE,Arar
XXN,Riyadh
AJF,Al-Jawf
EJH,Al Wajh
ZUL,Zilfi
ABD,Abadan
OMI,Omidiyeh
AWZ,Ahwaz
BUZ,Bushehr
AOY,Asaloyeh
KNR,Kangan
KIH,Kish Island
BDH,Bandar Lengeh
YEH,Asalouyeh
KSH,Kermanshah
IIL,Ilam
IFH,Hesa
IFN,Isfahan
CQD,Shahrekord
RAS,Rasht
HDM,Hamadan
AJK,Araak
IKA,Tehran
THR,Tehran
BND,Bandar Abbas
KER,Kerman
HDR,Havadarya
XBJ,Birjand
CKT,Sarakhs
MHD,Mashhad
BJB,Bojnord
AFZ,Sabzevar
TCX,Tabas
BBL,Babolsar
GBT,Gorgan
BSM,Amol
SRY,Sari
FAZ,Fasa
LRR,Lar
SYZ,Shiraz
KHY,Khoy
ADU,Ardabil
ACP,Maragheh
PFQ,Parsabad
OMH,Urmia
TBZ,Tabriz
AZD,Yazd
ZBR,Chabahar
ZAH,Zahedan
AMM,Amman
ADJ,Amman
AQJ,Aqaba
OMF,Mafraq
KWI,Kuwait City
BEY,Beirut
KYE,Tripoli
AUH,Abu Dhabi
AZI,Abu Dhabi
AAN,Al Ain
DHF,Al Bihouth
DXB,Dubai
NHD,Dubai
DWC,Jebel Ali
RKT,Ras Al Khaimah
SHJ,Sharjah
RMB,Buraimi
DQM,Duqm
FAU,Fahud
RNM,Ghaba
KHS,Khasab
MSH,Masirah
MCT,Muscat
OMM,Marmul
SLL,Salalah
OHS,Sohar
SUH,Sur
TTH,Thumrait
AAW,Abbottabad
BHW,Bhagatanwala
BNP,Bannu
WGB,Bahawalnagar
BHV,Bahawalpur
CJL,Chitral
CHB,Chilas
DBA,Dalbandin
DDU,Dadu
DEA,Dera Ghazi Khan
DSK,Dera Ismael Khan
LYP,Faisalabad
GWD,Gwadar
GIL,Gilgit
ISB,Islamabad
JAG,Jacobabad
JIW,Jiwani
KHI,Karachi
HDD,Hyderabad
KDD,Khuzdar
KBH,Kalat
OHT,Kohat
LHE,Lahore
LRG,Loralai
XJM,Mangla
MFG,Muzaffarabad
MWD,Mianwali
MJD,Moenjodaro
MPD,Sindhri
MUX,Multan
WNS,Nawabash
NHS,Nushki
ORW,Ormara Raik
PAJ,Parachinar
PJG,Panjgur
PSI,Pasni
PEW,Peshawar
UET,Quetta
RYK,Rahim Yar Khan
RAZ,Rawalakot
SBQ,Sibi
KDU,Skardu
SKZ,Mirpur Khas
SYW,Sehwan Sharif
SGI,Sargodha
SDT,Saidu Sharif
SKT,Sialkot
SUL,Sui
SWN,Sahiwal
TLB,Tarbela
BDN,Badin
TFT,Taftan
TUK,Turbat
WAF,Waana
PZH,Fort Sandeman
IQA,Hit
BMN,Bamarni
BGW,Baghdad
OSB,Mosul
EBL,Arbil
KIK,Kirkuk
BSR,Basrah
NJF,Najaf
RQW,Qayyarah
ISU,Sulaymaniyah
ALP,Aleppo
DAM,Damascus
DEZ,Deir ez-Zor
KAC,Kamishly
LTK,Latakia
DIA,Doha
IUD,Ar Rayyan
DOH,Doha
ADE,Aden
HOD,Hodeida
MYN,Mareb
IHN,Qishn
RIY,Riyan
SYE,Sadah
SAH,Sana'a
SCT,Socotra Islands
GXF,Sayun
TAI,Ta'izz
AKB,Atka
PML,Cold Bay
PAQ,Palmer
BTI,Barter Island
BET,Bethel
BVU,Beluga
BIG,Delta Junction Ft Greely
BKC,Buckland
BMX,Big Mountain
BRW,Utqiagvik
BTT,Bettles
CDB,Cold Bay
CEM,Central
CHU,Chuathbaluk
CIK,Chalkyitsik
SCM,Scammon Bay
IRC,Circle
CDV,Cordova
CZF,Cape Romanzof
DRG,Deering
RDB,Red Dog
ADK,Adak Island
DLG,Dillingham
MLL,Marshall
ADQ,Kodiak
DUT,Unalaska
EDF,Anchorage
EEK,Eek
EHM,Cape Newenham
EIL,Fairbanks
EMK,Emmonak
ENA,Kenai
FAI,Fairbanks
FBK,Fairbanks/Ft Wainwright
ABL,Ambler
GAL,Galena
GKN,Gulkana
GLV,Golovin
GAM,Gambell
GST,Gustavus
SGY,Skagway
GMT,Granite Mountain
HCR,Holy Cross
HNS,Haines
HOM,Homer
HPB,Hooper Bay
SHX,Shageluk
IGG,Igiugig
EGX,Egegik
IAN,Kiana
ILI,Iliamna
UTO,Utopia Creek
WAA,Wales
JNU,Juneau
KFP,False Pass
AKK,Akhiok
KKA,Koyuk
AKN,King Salmon
IKO,Nikolski
AKP,Anaktuvuk Pass
KTN,Ketchikan
UUK,Kuparuk
KAL,Kaltag
AKW,Klawock
KYK,Karluk
KLG,Kalskag
LUR,Cape Lisburne
KMO,Manokotak
MCG,Mc Grath
MLY,Manley Hot Springs
MOU,Mountain Village
MRI,Anchorage
MYU,Mekoryuk
WNA,Napakiak
ANC,Anchorage
ANI,Aniak
ENN,Nenana
ANN,Annette
ANV,Anvik
KNW,New Stuyahok
OBU,Kobuk
PCA,Portage Creek
HNH,Hoonah
OME,Nome
OOK,Toksook Bay
ORT,Northway
OTZ,Kotzebue
PBV,St George
KPC,Port Clarence
PSG,Petersburg
PTH,Port Heiden
PKA,Napaskiak
PTU,Platinum
PIP,Pilot Point
PHO,Point Hope
NUI,Nuiqsut
ARC,Arctic Village
RBY,Ruby
SVA,Savoonga
SCC,Deadhorse
SDP,Sand Point
SHH,Shishmaref
SIT,Sitka
SQL,Sleetmute
KSM,St Mary'S
SNP,St Paul Island
SMU,Sheep Mountain
UMM,Summit
SVW,Sparrevohn
SXQ,Soldotna
SYA,Shemya
TAL,Tanana
TNC,Tin City
TOG,Togiak Village
TLJ,Takotna
ATK,Atqasuk
AUK,Alakanuk
UMT,Umiat
UNK,Unalakleet
VAK,Chevak
KVC,King Cove
VDZ,Valdez
VEE,Venetie
KVL,Kivalina
WBQ,Beaver
SWD,Seward
WRG,Wrangell
AIN,Wainwright
WTK,Noatak
WWA,Wasilla
YAK,Yakutat
CIS,Abariringa
AKI,Akiak
AET,Allakaket
NCN,Chenega
CLP,Clarks Point
ELI,Elim
KNK,Kokhanok
KOT,Kotlik
KYU,Koyukuk
KWT,Kwethluk
ORV,Noorvik
SKK,Shaktoolik
TKJ,Tok
WSN,South Naknek
FYU,Fort Yukon
ROP,Rota Island
SPN,Saipan Island
UAM,Yigo
GUM,Guam
TIQ,Tinian Island
BKH,Kekaha,Kauai
HDH,Mokuleia
HHI,Wahiawa
HNM,Hana
JHM,Lahaina
JRF,Kapolei
KOA,Kailua/Kona
LIH,Lihue
LUP,Kalaupapa
MKK,Kaunakakai
MUE,Kamuela
HNL,Honolulu
LNY,Lanai City
OGG,Kahului
PAK,Hanapepe
BSF,Camp Pohakuloa
ITO,Hilo
UPP,Hawi
MAJ,Majuro Atoll
KIA,Kaieteur Falls
KWA,Kwajalein
CXI,Banana
TNV,Tabuaeran Island
MDY,Midway Atoll
PIZ,Point Lay
TKK,Weno Island
PNI,Pohnpei Island
ROR,Babelthuap Island
KSA,Kosrae
YAP,Yap Island
AWK,Wake Island
KNH,Shang-I
LZN,Nangang Island
TTT,Taitung City
GNI,Lyudao
KHH,Kaohsiung City
CYI,Chiayi City
HCN,Hengchung
TXG,Taichung City
KYD,Orchid Island
RMQ,Taichung City
MFK,Beigan Island
TNN,Tainan City
MZG,Makung City
PIF,Pingtung
TSA,Taipei City
TPE,Taipei
WOT,Wang-an
HUN,Hualien City
NRT,Tokyo
MMJ,Matsumoto
IBR,Omitama
KIX,Osaka
SHM,Shirahama
UKB,Kobe
TJH,Tajima
OBO,Obihiro
CTS,Chitose / Tomakomai
HKD,Hakodate
KUH,Kushiro
MMB,Ozora
SHB,Nakashibetsu
OKD,Sapporo
WKJ,Wakkanai
IKI,Iki
UBJ,Ube
TSJ,Tsushima
MBE,Monbetsu
AKJ,Asahikawa
RIS,Rishiri
FUJ,Goto
FUK,Fukuoka
KOJ,Kagoshima
KMI,Miyazaki
OIT,Oita
KKJ,Kitakyushu
HSG,Saga
KMJ,Kumamoto
NGS,Nagasaki
NGO,Tokoname
ASJ,Amami
TKN,Tokunoshima
NKM,Nagoya
QGU,Gifu
KMQ,Kanazawa
OKI,Okinoshima
TOY,Toyama
NTQ,Wajima
HIJ,Hiroshima
OKJ,Okayama City
IZO,Izumo
YGJ,Yonago
IWK,Iwakuni
KCZ,Nankoku
MYJ,Matsuyama
ITM,Osaka
TTJ,Tottori
TKS,Tokushima
TAK,Takamatsu
IWJ,Masuda
AOJ,Aomori
GAJ,Yamagata
FKS,Sukagawa
AXT,Akita
MSJ,Misawa
KIJ,Niigata
ONJ,Odate
SDJ,Sendai
SYO,Shonai
HAC,Hachijojima
OIM,Izu Oshima
MYE,Miyakejima
HND,Tokyo
OKO,Fussa
KWJ,Gwangju
KUV,Kunsan
CHN,Jeon Ju
RSU,Yeosu
QUN,Chun Chon City
WJU,Wonju
YNY,Sokcho / Gangneung
CJU,Jeju City
CHF,Jinhae
PUS,Busan
HIN,Sacheon
USN,Ulsan
ICN,Seoul
GMP,Seoul
KPO,Pohang
TAE,Daegu
CJJ,Cheongju
OKA,Naha
ISG,Ishigaki
KJP,Kerama
MMY,Miyako City
AGJ,Aguni
HTR,Hateruma
ENI,El Nido
SFS,Olongapo City
CRK,Angeles City
LAO,Laoag City
MNL,Manila
CYU,Cuyo
LGP,Legazpi City
NSP,Cavite City
AAV,Surallah
GES,General Santos City
CBO,Cotabato City
DVO,Davao City
BXU,Butuan City
DPL,Dipolog City
CGY,Cagayan De Oro City
MLP,Malabang
OZC,Ozamiz City
PAG,Pagadian City
SUG,Surigao City
CDY,Mapun
IPE,Ipil
ZAM,Zamboanga City
IAO,Del Carmen
RZP,Taytay Airport
BAG,Baguio City
DTE,Daet
SJI,San Jose
WNP,Naga
BSO,Basco
BQA,Baler
TUG,Tuguegarao City
VRC,Virac
MRQ,Gasan
CYZ,Cauayan City
TAC,Tacloban City
BCD,Bacolod City
CYP,Calbayog City
DGT,Dumaguete City
MPH,Malay
CRM,Catarman
ILO,Iloilo City
MBT,Masbate
KLO,Kalibo
CEB,Lapu-Lapu City
OMC,Ormoc City
PPS,Puerto Princesa City
RXS,Roxas City
EUQ,San Jose
TAG,Tagbilaran City
TBH,Romblon
USU,Coron
BPR,Borongan City
CCT,Colonia Catriel
COC,Concordia
GHU,Gualeguaychu
JNI,Junin
PRA,Paraná
ROS,Rosario
SFN,Santa Fe
AEP,Buenos Aires
LCM,La Cumbre
COR,Cordoba
FDO,San Fernando
LPG,La Plata
EPA,El Palomar
MJR,Miramar
EZE,Ezeiza
NCJ,Sunchales
HOS,Chos Malal
CVH,Lafontaine
GNR,General Roca
RDS,Rincon de los Sauces
APZ,Zapala
MDZ,Mendoza
LGS,Malargue
AFA,San Rafael
CTC,Catamarca
SDE,Santiago del Estero
RHD,Rio Hondo
IRJ,La Rioja
TUC,San Miguel de Tucuman
UAQ,San Juan
CRR,Ceres
RCU,Rio Cuarto
VDR,Villa Dolores
VME,Villa Reynolds
RLO,Merlo
LUQ,San Luis
CNQ,Corrientes
RES,Resistencia
FMA,Formosa
IGR,Puerto Iguazu
AOL,Paso de los Libres
MCS,Monte Caseros
PSS,Posadas
PRQ,Presidencia Roque Saenz Pena
SLA,Salta
JUJ,San Salvador de Jujuy
ORA,Oran
TTG,Tartagal
CLX,Clorinda
ELO,El Dorado
OYA,Goya
LLS,Las Lomitas
MDX,Mercedes
RCQ,Reconquista
UZU,Curuzu Cuatia
EHL,El Bolson
CRD,Comodoro Rivadavia
EMX,El Maiten
EQS,Esquel
LHS,Las Heras
IGB,Ingeniero Jacobacci
OES,San Antonio Oeste
MQD,Maquinchao
ARR,Alto Rio Senguerr
SGV,Sierra Grande
REL,Rawson
VDM,Viedma / Carmen de Patagones
PMY,Puerto Madryn
ING,El Calafate
FTE,El Calafate
PUD,Puerto Deseado
RGA,Rio Grande
RGL,Rio Gallegos
USH,Ushuahia
ULA,San Julian
ROY,Rio Mayo
PMQ,Perito Moreno
GGS,Gobernador Gregores
JSM,Chubut
RYO,El Turbio
RZA,Santa Cruz
BHI,Bahia Blanca
CSZ,Coronel Suarez
OVR,Olavarria
GPO,General Pico
OYO,Tres Arroyos
SST,Santa Teresita
MDQ,Mar del Plata
NQN,Neuquen
NEC,Necochea
PEH,Pehuajo
RSA,Santa Rosa
BRC,San Carlos de Bariloche
TDL,Tandil
VLG,Villa Gesell
CUT,Cutral-Co
CPC,Chapelco/San Martin de los Andes
CDJ,Conceicao Do Araguaia
AQA,Araraquara
AJU,Aracaju
AIF,Assis
AFL,Alta Floresta
ARU,Aracatuba
AAX,Araxa
BEL,Belem
BGX,Bage
PLU,Belo Horizonte
BFH,Curitiba
BJP,Braganca Paulista
QAK,Barbacena
BSB,Brasilia
BAT,Barretos
BAU,Bauru
BVB,Boa Vista
BPG,Barra Do Garcas
BZC,Cabo Frio
CAC,Cascavel
CFB,Cabo Frio
CNF,Belo Horizonte
CGR,Campo Grande
XAP,Chapeco
CLN,Carolina
CKS,Carajas
CCM,Criciuma
CLV,Caldas Novas
QNS,Porto Alegre
CAW,Campos Dos Goytacazes
CMG,Corumba
CWB,Curitiba
CRQ,Caravelas
CXJ,Caxias Do Sul
CGB,Cuiaba
CZS,Cruzeiro Do Sul
PPB,Presidente Prudente
MAO,Manaus
JCR,Jacareacanga
ESI,Espinosa
IGU,Foz Do Iguacu
FLN,Florianopolis
FEN,Fernando De Noronha
FOR,Fortaleza
GIG,Rio De Janeiro
GJM,Guajara-Mirim
GYN,Goiania
GRU,Sao Paulo
GPB,Guarapuava
GVR,Governador Valadares
GUJ,Guaratingueta
ATM,Altamira
ITA,Itacoatiara
ITB,Itaituba
IOS,Ilheus
IPN,Ipatinga
IMP,Imperatriz
JJD,Jijoca de Jericoacoara (Cruz)
JDF,Juiz De Fora
JPA,Joao Pessoa
JDO,Juazeiro Do Norte
JOI,Joinville
CPV,Campina Grande
VCP,Campinas
LEC,Lencois
LAJ,Lages
LIP,Lins
LDB,Londrina
LAZ,Bom Jesus Da Lapa
MAB,Maraba
MQH,Minacu
MEU,Almeirim
MEA,Macae
MGF,Maringa
MOC,Montes Claros
MII,Marilia
PLL,Manaus
MCZ,Maceio
MCP,Macapa
MVF,Mossoro
SAO,Sao Paulo
MNX,Manicore
NVT,Navegantes
GEL,Santo Angelo
NAT,Natal
OYK,Oiapoque
POA,Porto Alegre
PHB,Parnaiba
POO,Pocos De Caldas
PFB,Passo Fundo
PMW,Palmas
PET,Pelotas
PNZ,Petrolina
PNB,Porto Nacional
PMG,Ponta Pora
BPS,Porto Seguro
PVH,Porto Velho
VDC,Vitoria Da Conquista
RBR,Rio Branco
REC,Recife
SDU,Rio De Janeiro
RAO,Ribeirao Preto
SNZ,Rio De Janeiro
SJK,Sao Jose Dos Campos
SLZ,Sao Luis
RIA,Santa Maria
STM,Santarem
CGH,Sao Paulo
SJP,Sao Jose Do Rio Preto
SSZ,Guaruja
SSA,Salvador
QHP,Taubate
TMT,Oriximina
UNA,Una
TOW,Toledo
THE,Teresina
TFF,Tefe
TJL,Tres Lagoas
TRQ,Tarauaca
TEC,Telemaco Borba
TBT,Tabatinga
TUR,Tucurui
SJL,Sao Gabriel Da Cachoeira
PAV,Paulo Afonso
URG,Uruguaiana
UDI,Uberlandia
UBA,Uberaba
VAG,Varginha
BVH,Vilhena
VIX,Vitoria
QPS,Pirassununga
IZA,Juiz De Fora
ZUD,Ancud
LOB,Los Andes
WAP,Alto Palena
ARI,Arica
WPA,Puerto Aysen
CPO,Copiapo
BBA,Balmaceda
TOQ,Tocopilla
CCH,Chile Chico
CJC,Calama
YAI,Chillan
PUQ,Punta Arenas
COW,Coquimbo
GXQ,Coyhaique
IQQ,Iquique
SCL,Santiago
ESR,El Salvador
FRT,Frutillar
ANF,Antofagasta
WPR,Porvenir
FFU,Futaleufu
UGL,Antartica
LSQ,Los Angeles
WPU,Puerto Williams
LGR,Cochrane
CCP,Concepcion
IPC,Isla De Pascua
ZOS,Osorno
VLR,Vallenar
ZLR,Linares
PNT,Puerto Natales
OVL,Ovalle
ZPC,Pucon
MHC,Dalcahue
PUX,Puerto Varas
CNR,Chanaral
VAP,Vina Del Mar
QRC,Rancagua
TNM,Isla Rey Jorge
SMB,Cerro Sombrero
LSC,La Serena-Coquimbo
SSD,San Felipe
WCA,Castro
ZCO,Temuco
PMC,Puerto Montt
TLX,Talca
WCH,Chaiten
ZIC,Victoria
TTC,Taltal
ZAL,Valdivia
KNA,Vina Del Mar
CPQ,Campinas
QCJ,Botucatu
OLC,Sao Paulo De Olivenca
SOD,Sorocaba
QDC,Dracena
JLS,Jales
QOA,Mococa
QGC,Lencois Paulista
QNV,Nova Iguacu
OUS,Ourinhos
QHB,Piracicaba
QIQ,Rio Claro
QVP,Avare
QRZ,Resende
QSC,Sao Carlos
UBT,Ubatuba
QGS,Alagoinhas
VOT,Votuporanga
ALT,Alenquer
QGB,Limeira
ATF,Ambato
OCC,Coca
CUE,Cuenca
GPS,Baltra
GYE,Guayaquil
IBB,Isabela
JIP,Jipijapa
LTX,Latacunga
MRR,Macara
XMS,Macas
MCH,Machala
MEC,Manta
LGQ,Lago Agrio
PYO,Puerto Putumayo
PVO,Portoviejo
UIO,Quito
ETR,Santa Rosa
SNC,Salinas
SUQ,Sucua
PTZ,Shell Mera
SCY,San Cristobal
BHA,Bahia de Caraquez
TSC,Taisha
TPN,Tiputini
LOH,La Toma (Catamayo)
ESM,Tachina
TPC,Tarapoa
TUA,Tulcan
PSY,Stanley
ASU,Asuncion
AYO,Ayolas
BFA,Bahia Negra
CIO,Concepcion
ENO,Encarnacion
AGT,Ciudad del Este
FLM,Filadelfia
ESG,Mariscal Estigarribia
OLK,Fuerte Olimpo
PIL,Pilar
PJC,Pedro Juan Caballero
LVR,Lucas do Rio Verde
FRC,Franca
CFO,Confresa
RIG,Rio Grande
ACR,Araracuara
ACD,Acandi
AFI,Amalfi
ADN,Andes
API,Apiay
AXM,Armenia
PUU,Puerto Asis
ELB,El Banco
BGA,Bucaramanga
BOG,Bogota
BAQ,Barranquilla
BSC,Bahia Solano
BUN,Buenaventura
CPB,Capurgana
CUC,Cucuta
COG,Condoto
CTG,Cartagena
CCO,Puerto Lopez
CLO,Cali
CIM,Cimitarra
RAV,Cravo Norte
TCO,Tumaco
CUO,Caruru
CAQ,Caucasia
CVE,Covenas
CZU,Corozal
EBG,El Bagre
EJA,Barrancabermeja
FLA,Florencia
FDA,Fundacion
GIR,Girardot
CRC,Cartago
GPI,Guapi
GLJ,Garzon
CPL,Chaparral
HTZ,Hato Corozal
IBE,Ibague
IGO,Chigorodo
MMP,Limon
IPI,Ipiales
LQM,Puerto Leguizamo
MCJ,La Mina-Maicao
LPD,La Pedrera
LET,Leticia
EOH,Medellin
MFS,Miraflores
MGN,Magangue
MTB,Montelibano
MTR,Monteria
MVP,Mitu
MZL,Manizales
NCI,Necocli
NQU,Nuqui
NVA,Neiva
OCV,Ocana
ORC,Orocue
PCR,Puerto Carreno
PDA,Puerto Inirida
PEI,Pereira
PTX,Pitalito
PLT,Plato
NAR,Armenia
PPN,Popayan
PQE,La Dorada
PBE,Puerto Berrio
PSO,Pasto
PVA,Providencia
PZA,Paz De Ariporo
MQU,Mariquita
MDE,Rionegro
RCH,Riohacha
RVE,Saravena
SJE,San Jose Del Guaviare
SMR,Santa Marta
SOX,Sogamoso
ADZ,San Andres
SVI,San Vicente Del Caguan
TAU,Tauramena
TIB,Tibu
TDA,Trinidad
TLU,Tolu
TME,Tame
TQS,Tres Esquinas
TRB,Turbo
AUC,Arauca
UIB,Quibdo
ULQ,Tulua
URR,Urrao
VGZ,Villagarzon
VUP,Valledupar
VVC,Villavicencio
AYG,San Vicente Del Caguan
EYP,El Yopal
MHW,El Banado
SRE,Yamparáez (Sucre)
APB,Apolo
ASC,Ascension de Guarayos
BVL,Baures
BJO,Bermejo
CAM,Camiri
CBB,Cochabamba
CIJ,Cobija
CEP,Concepcion
SRZ,Santa Cruz
GYA,Guayaramerin
BVK,Itenes
SJS,San Jose de Chiquitos
SJB,San Joaquin
SJV,San Javier
LPB,La Paz / El Alto
MGD,Magdalena
ORU,Oruro
POI,Potosi
PUR,Puerto Rico/Manuripi
PSZ,Puerto Suarez
SRD,San Ramon / Mamore
RBO,Robore
RIB,Riberalta
RBQ,Rurenabaque
REY,Reyes
SBL,Santa Ana del Yacuma
SRJ,San Borja
SNG,San Ignacio de Velasco
SNM,San Ignacio de Moxos
SRB,Santa Rosa
MQK,San Matias
TJA,Tarija
TDD,Trinidad
UYU,Quijarro
VAH,Vallegrande
VLM,Villamontes
VVI,Santa Cruz
BYC,Yacuiba
ABN,Albina
BTO,Botopasi
AAJ,Awaradam
TOT,Totness
DRJ,Drietabbetje
DOE,Djumu-Djomoe
LDO,Aurora
PBM,Zandery
MOJ,Moengo
ICK,Nieuw Nickerie
OEM,Paloemeu
SMZ,Stoelmanseiland
KCB,Kasikasima
AGI,Wageningen Airport
WSO,Washabo
ORG,Paramaribo
APY,Alto Parnaiba
APQ,Arapiraca
AMJ,Almenara
BDC,Barra Do Corda
BVM,Belmonte
BRA,Barreiras
BSS,Balsas
BMS,Brumado
BQQ,Barra
CTP,Carutapera
CPU,Cururupu
QCH,Colatina
RDC,Redencao
LEP,Leopoldina
DTI,Diamantina
DIQ,Divinopolis
CNV,Canavieiras
SXX,Sao Felix Do Xingu
GUZ,Guarapari
GDP,Guadalupe
GNM,Guanambi
GMS,Uberlandia
QGP,Garanhuns
IRE,Irece
QIG,Iguatu
QIT,Itapetinga
IPU,Ipiau
JCM,Jacobina
FEC,Feira De Santana
JEQ,Jequie
JNA,Januaria
JDR,Sao Joao Del Rei
CMP,Santana Do Araguaia
QDF,Conselheiro Lafaiete
CDI,Cachoeiro Do Itapemirim
QCP,Currais Novos
LVB,Livramento Do Brumado
SSO,Sao Lourenco
MTE,Monte Alegre
MVS,Mucuri
SBJ,Sao Mateus
PTQ,Porto De Moz
NNU,Nanuque
QBX,Sobral
PSW,Passos
ORX,Oriximina
PCS,Picos
POJ,Patos De Minas
PIV,Pirapora
FLB,Floriano
PDF,Prado
CAU,Caruaru
SFK,Soure
OBI,Obidos
TFL,Teofilo Otoni
VAL,Valenca
QID,Tres Coracoes
BVS,Breves
CMC,Camocim
QXC,Barra De Santo Antonio
PHI,Pinheiro
ITI,Cumaru Do Norte
PPY,Pouso Alegre
CAY,Cayenne / Rochambeau
MPY,Maripasoula
OXP,Saint-Georges-de-l'Oyapock Airport
LDX,Saint-Laurent-du-Maroni
REI,Regina
XAU,Saul
APE,San Juan Aposento
ALD,Fortaleza
AOP,Andoas
ATG,Atalaya
MBP,Moyobamba
BLP,Bellavista
IBP,Iberia
PCL,Pucallpa
CHM,Chimbote
TGI,Tingo Maria
CIX,Chiclayo
AYP,Ayacucho
ANS,Andahuaylas
ATA,Anta
UMI,Quince Mil
UCZ,Uchiza
RIJ,Rioja
LIM,Lima
JJI,Juanjui
JAU,Jauja
JUL,Juliaca
SJA,San Juan de Marcona
CJA,Cajamarca
RIM,Rodriguez de Mendoza
ILQ,Ilo
TBP,Tumbes
SMG,Santa Maria
YMS,Yurimaguas
HUU,Huanuco
SQU,Plaza Saposoa
CHH,Chachapoyas
REQ,Requena
IQT,Iquitos
AQP,Arequipa
TRU,Trujillo
SQD,San Francisco de Yeso
PIO,Pisco
TPP,Tarapoto
SYC,Shiringayoc
TCQ,Tacna
PEM,Puerto Maldonado
PIU,Piura
CUZ,Cusco
APU,Apucarana
BGV,Bento Goncalves
BNU,Blumenau
CCI,Concordia
QCN,Canela
CKO,Cornelio Procopio
DOU,Dourados
ERM,Erechim
FBE,Francisco Beltrao
QGA,Guaira
IJU,Ijui
ITQ,Itaqui
JCB,Joacaba
CBW,Campo Mourao
QDB,Cachoeira Do Sul
QCR,Curitibanos
ALQ,Alegrete
QMF,Mafra
QGF,Montenegro
QHV,Novo Hamburgo
SQX,Sao Miguel Do Oeste
APX,Arapongas
PTO,Pato Branco
PNG,Paranagua
PVI,Paranavai
PBB,Paranaiba
QAC,Castro
SQY,Sao Lourenco Do Sul
QOJ,Sao Borja
CSU,Santa Cruz Do Sul
UMU,Umuarama
QVB,Uniao Da Vitoria
VIA,Videira
CTQ,Santa Vitoria Do Palmar
AXE,Xanxere
AAG,Arapoti
SRA,Santa Rosa
PGZ,Ponta Grossa
ATI,Artigas
CYR,Colonia
CAR,Carmelo
DZO,Durazno
PDP,Punta del Este
MER,Mercedes
MLZ,Melo
MVD,Montevideo
MDO,Maldonado
PDU,Paysandu
RVY,Rivera
STY,Salto
TAW,Tacuarembo
TYT,Treinta y Tres
VCH,Vichadero
AGV,Acarigua
AAO,Anaco
LPJ,Guayabal
BLA,Barcelona
BNS,Barinas
BRM,Barquisimeto
MYC,Maracay
CUV,Casigua El Cubo
CLZ,Guarico
CAJ,Canaima
VCR,Carora
CUP,Carupano
CZE,Coro
EOR,Bolivar
GUQ,Guanare
LSP,Paraguana
MAR,Maracaibo
MRD,Merida
PMV,Isla Margarita
CCS,Caracas
CBS,Cabimas
PZO,Puerto Ordaz-Ciudad Guayana
PTM,Palmarito
LRV,Los Roques
SBB,Santa Barbara
STD,Santo Domingo
SNF,San Felipe
SFD,Inglaterra
TUV,Tucupita
VLN,Valencia
VIG,El Vigia
VLV,Valera
BAZ,Barcelos
RBB,Borba
CAF,Carauari
CQS,Costa Marques
DMT,Diamantino
DNO,Dianopolis
ERN,Eirunepe
CQA,Canarana
FEJ,Feijo
SXO,Sao Felix Do Araguaia
GRP,Gurupi
AUX,Araguaina
IPG,Santo Antonio Do Ica
IDO,Cristalandia
JPR,Ji-Parana
JIA,Juina
JRN,Juruena
CCX,Caceres
CIZ,Coari
TLZ,Catalao
LBR,Labrea
RVD,Rio Verde
MBZ,Maues
NVP,Novo Aripuana
AQM,Ariquemes
BCR,Boca Do Acre
NQL,Niquelandia
APS,Anapolis
FBA,Fonte Boa
PIN,Parintins
PBQ,Pimenta Bueno
AAI,Arraias
ROO,Rondonopolis
AIR,Aripuana
OPS,Sinop
STZ,Santa Terezinha
IRZ,Santa Isabel Do Rio Negro
TGQ,Tangara Da Serra
AZL,Sapezal
QHN,Taguatinga
SQM,Sao Miguel Do Araguaia
VLP,Vila Rica
MBK,Matupa
NOK,Nova Xavantina
AHL,Aishalton
NAI,Annai
BCG,Bemichi
BMJ,Baramita
GFO,Bartica
GEO,Georgetown
OGL,Ogle
IMB,Imbaimadai
KAR,Kamarang
KRM,Karanambo
KRG,Karasabai
KTO,Kato
LUB,Lumid Pau
LTM,Lethem
USI,Mabaruma
MHA,Mahdia
MYM,Monkey Mountain
MWJ,Matthews Ridge
QSX,New Amsterdam
ORJ,Orinduik
PRR,Paruma
ANU,St. George
BBQ,Codrington
BGI,Bridgetown
DCF,Canefield
DOM,Marigot
DSD,Grande Anse
BBR,Basse Terre
SFC,St-Francois
FDF,Fort-de-France
SFG,Grand Case
SBH,Gustavia
GBJ,Grand Bourg
PTP,Pointe-a-Pitre Le Raizet
LSS,Les Saintes
GND,Saint George's
CRU,Carriacou Island
STT,Charlotte Amalie
STX,Christiansted
ARE,Arecibo
BQN,Aguadilla
CPX,Isla De Culebra
SIG,San Juan
MAZ,Mayaguez
PSE,Ponce
SJU,San Juan
VQS,Isla De Vieques
SKB,Basseterre
NEV,Charlestown
SLU,Castries
UVF,Vieux Fort
AUA,Oranjestad
BON,Kralendijk
CUR,Willemstad
EUX,Sint Eustatius
SXM,Saint Martin
SAB,Saba
AXA,The Valley
MNI,Gerald's Park
TAB,Scarborough
POS,Port of Spain
NGD,Anegada
EIS,Road Town
VIJ,Spanish Town
BQU,Bequia
CIW,Canouan
MQS,Mustique Island
UNI,Union Island
SVD,Kingstown
BDA,Hamilton
ALA,Almaty
BXH,Balkhash
USJ,Usharal
BXJ,Aima Ata
TDK,Taldy Kurgan
NQZ,Astana
KOV,Kokshetau
PPK,Petropavlosk
DMB,Taraz
CIT,Shymkent
HSA,Turkistan
DZN,Zhezkazgan
KGF,Karaganda
KZO,Kzyl-Orda
URA,Uralsk
EKB,Ekibastuz
UKK,Ust Kamenogorsk
PWQ,Pavlodar
PLX,Semey
SCO,Aktau
GUW,Atyrau
AKX,Aktyubinsk
AYK,Arkalyk
KSN,Kostanay
GYD,Baku
KVD,Ganja
LLK,Lankaran
NAJ,Nakhchivan
GBB,Gabala
ZTU,Zaqatala
ZXT,Baku
IKU,Tamchy
FRU,Bishkek
OSS,Osh
LWN,Gyumri
EVN,Yerevan
TLK,Lenskiy Ulus
ADH,Aldan
YKS,Yakutsk
CNN,Chulman
ULK,Lensk
PYJ,Yakutia
MJZ,Mirny
CKH,Chokurdah
CYX,Cherskiy
IKS,Tiksi
KUT,Kutaisi
BUS,Batumi
SUI,Sukhumi
TBS,Tbilisi
BQS,Blagoveschensk
GDG,Magdagachi
TYD,Tynda
KHV,Khabarovsk
KXK,Komsomolsk-on-Amur
GVN,Sovetskaya Gavan
DYR,Anadyr
PVS,Chukotka
GDX,Magadan
PWE,Pevek
BQG,Bogorodskoye
OHO,Okhotsk
PKC,Petropavlovsk-Kamchatsky
OHH,Okha
EKS,Shakhtersk
DEE,Kunashir Island
ZZO,Tymovskoye
UUS,Yuzhno-Sakhalinsk
VVO,Vladivostok
HTA,Chita
BTK,Bratsk
UIK,Ust-Ilimsk
IKT,Irkutsk
ODO,Bodaybo
ERG,Erbogachen
UKX,Ust-Kut
UUD,Ulan Ude
KBP,Kiev
DOK,Donetsk
KRQ,Kramatorsk
MPW,Mariupol
SEV,Sievierodonetsk
VSG,Luhansk
ERD,Berdyansk
DNK,Dnipropetrovsk
OZH,Zaporizhia
KWG,Kryvyi Rih
KHC,Kerch
HRK,Kharkiv
PLV,Poltava
UMY,Sumy
CKC,Cherkasy
KGO,Kirovograd
IEV,Kiev
GML,Kiev
UCK,Lutsk
HMJ,Khmelnytskyi
IFO,Ivano-Frankivsk
LWO,Lviv
CWC,Chernivtsi
RWN,Rivne
TNL,Ternopil
UDJ,Uzhhorod
KHE,Kherson
NLV,Nikolayev
ODS,Odessa
VIN,Vinnitsa
ARH,Archangelsk
NNM,Naryan Mar
CSH,Solovetsky Islands
AMV,Amderma
KSZ,Kotlas
LED,St. Petersburg
KVK,Apatity
MMK,Murmansk
VLU,Velikiye Luki
PKV,Pskov
PES,Petrozavodsk
CEE,Cherepovets
VUS,Velikiy Ustyug
VGD,Vologda
BQT,Brest
GME,Gomel
VTB,Vitebsk
KGD,Kaliningrad
GNA,Hrodna
MHP,Minsk
MSQ,Minsk
MVQ,Mogilev
ABA,Abakan
BAX,Barnaul
RGK,Gorno-Altaysk
KEJ,Kemerovo
EIE,Yeniseysk
KJA,Krasnoyarsk
ACS,Achinsk
KYZ,Kyzyl
OVB,Novosibirsk
OMS,Omsk
TOF,Tomsk
NOZ,Novokuznetsk
DKS,Dikson
HTG,Khatanga
IAA,Igarka
NSK,Norilsk
UKS,Sevastopol
SIP,Simferopol
AAQ,Anapa
EIK,Yeysk
GDZ,Gelendzhik
KRR,Krasnodar
GRV,Grozny
MCX,Makhachkala
MRV,Mineralnyye Vody
NAL,Nalchik
OGZ,Beslan
IGT,Magas
STW,Stavropol
ROV,Rostov-on-Don
RVI,Rostov-on-Don
AER,Sochi
ASF,Astrakhan
ESL,Elista
VOG,Volgograd
CEK,Chelyabinsk
MQF,Magnitogorsk
SLY,Salekhard
YMK,Mys Kamennyi
TQL,Tarko-Sale
UEN,Urengoy
HMA,Khanty-Mansiysk
NYA,Nyagan
OVS,Sovetskiy
URJ,Uray
IJK,Izhevsk
KVX,Kirov
NYM,Nadym
NUX,Novy Urengoy
NJC,Nizhnevartovsk
PEE,Perm
KGP,Kogalym
NFG,Nefteyugansk
NOJ,Noyabrsk
SGC,Surgut
SVX,Yekaterinburg
TOX,Tobolsk
TJM,Tyumen
KRO,Kurgan
ASB,Ashgabat
KRW,Krasnovodsk
MYP,Mary
TAZ,Dashoguz
CRZ,Turkmenabat
DYU,Dushanbe
TJU,Kulyab
LBD,Khudzhand
KQT,Kurgan-Tyube
AZN,Andizhan
FEG,Fergana
NMA,Namangan
NCU,Nukus
UGC,Urgench
NVI,Navoi
BHK,Bukhara
KSQ,Karshi
AFS,Zarafshan
SKD,Samarkand
TMJ,Termez
TAS,Tashkent
KMW,Kostroma
BKA,Moscow
IWA,Ivanovo
RYB,Rybinsk
BZK,Bryansk
LNX,Smolensk
DME,Moscow
SVO,Moscow
KLD,Tver
EGO,Belgorod
URS,Kursk
LPK,Lipetsk
VOZ,Voronezh
OEL,Orel
TBW,Tambov
RZN,Ryazan
VKO,Moscow
UCT,Ukhta
INA,Inta
PEX,Pechora
USK,Usinsk
VKT,Vorkuta
UTS,Ust-Tsylma
SCW,Syktyvkar
GOJ,Nizhny Novgorod
UUA,Bugulma
KZN,Kazan
NBC,Nizhnekamsk
JOK,Yoshkar-Ola
CSY,Cheboksary
ULV,Ulyanovsk
ULY,Ulyanovsk
REN,Orenburg
OSW,Orsk
PEZ,Penza
SKX,Saransk
BWO,Balakovo
GSV,Saratov
RTW,Saratov
BCX,Beloretsk
NEF,Neftekamsk
OKT,Kzyl-Yar
UFA,Ufa
KUF,Samara
DIU,Diu
AMD,Ahmedabad
IXU,Aurangabad
BOM,Mumbai
BHJ,Bhuj
BDQ,Vadodara
BHO,Bhopal
BHU,Bhavnagar
HBX,Hubli
IDR,Indore
JGA,Jamnagar
IXY,Kandla
HJR,Khajuraho
LTU,Latur
NDC,Nanded
NAG,Naqpur
ISK,Nashik
PNQ,Pune
PBD,Porbandar
RAJ,Rajkot
RPR,Raipur
SSE,Solapur
UDR,Udaipur
CMB,Colombo
ACJ,Anuradhapura
BTC,Batticaloa
RML,Colombo
GOY,Amparai
MNH,Polonnaruwa Town
JAF,Jaffna
KCT,Galle
GIU,Sigiriya
TRR,Trincomalee
WRZ,Weerawila
BBM,Battambang
KKZ,Kaoh Kong
KTI,Kratie
PNH,Phnom Penh
RBE,Ratanakiri
REP,Siem Reap
TNX,Stung Treng
KOS,Sihanukville
IXA,Agartala
IXB,Siliguri
RGH,Balurghat
SHL,Shillong
VNS,Varanasi
BBI,Bhubaneswar
CCU,Kolkata
DGH,Deoghar
GOP,Gorakhpur
GAU,Guwahati
IMF,Imphal
JRG,Veer Surendra Sai
PYB,Jeypore
JRH,Jorhat
IXS,Silchar
IXN,Khowai
AJL,Aizawl
IXI,Lilabari
LDA,Malda
DIB,Dibrugarh
DMU,Dimapur
IXT,Pasighat
PAT,Patna
IXR,Ranchi
TEI,Tezu
VTZ,Visakhapatnam
BZL,Barisal
CXB,Cox's Bazar
CLA,Comilla
CGP,Chittagong
DAC,Dhaka
IRD,Ishurdi
JSR,Jashahor
LLJ,Lalmonirhat
RJH,Rajshahi
SPD,Saidpur
TKR,Thakurgaon
ZHM,Shamshernagar
ZYL,Sylhet
HKG,Hong Kong
IXD,Allahabad
ATQ,Amritsar
BKB,Bikaner
IXC,Chandigarh
DED,Dehradun
DEL,New Delhi
GWL,Gwalior
JDH,Jodhpur
JAI,Jaipur
IXJ,Jammu
KQH,Kishangarh
IXL,Leh
LKO,Lucknow
PGH,Pantnagar
SXR,Srinagar
AOU,Attopeu
LPQ,Luang Phabang
LXG,Luang Namtha
ODY,Oudomsay
PKZ,Pakse
ZBY,Sayaboury
VNA,Saravane
THK,Thakhek
VTE,Vientiane
XKH,Xieng Khouang
MFM,Taipa
BJH,Bajhang
BHP,Bhojpur
BGL,Baglung
BHR,Bharatpur
BJU,Bajura
BIT,Baitadi
BWA,Bhairawa
BDP,Bhadrapur
DNP,Dang
DHI,Dhangarhi
DAP,Darchula
DOP,Dolpa
SIH,Silgadi Doti
GKH,Gorkha
JIR,Jiri
JUM,Jumla
JKR,Janakpur
JMO,Jomsom
KTM,Kathmandu
LDN,Lamidanda
LUA,Lukla
LTG,Langtang
NGX,Ngawal
MEY,Meghauli
XMG,Mahendranagar
KEP,Nepalgunj
PKR,Pokhara
PPL,Phaplu
RJB,Rajbiraj
RHP,Ramechhap
RUK,Rukumkot
RPA,Rolpa
RUM,Rumjatar
SIF,Simara
SKH,Surkhet
FEB,Sanfebagar
IMK,Simikot
TPJ,Taplejung
TMI,Tumling Tar
BIR,Biratnagar
BEP,Bellary
BLR,Bangalore
CJB,Coimbatore
COK,Cochin
CCJ,Calicut
GOI,Dabolim
HYD,Hyderabad
BPM,Hyderabad
IXM,Madurai
IXE,Mangalore
MAA,Chennai
MYQ,Mysore
IXZ,Port Blair
RJA,Rajahmundry
TJV,Thanjavur
TIR,Tirupati
TRZ,Tiruchirappally
TRV,Trivandrum
WGC,Warrangal
PBH,Paro
IFU,Ifuru
FVM,Fuvahmulah Island
GAN,Gan
HAQ,Haa Dhaalu Atoll
KDO,Kadhdhoo
MLE,Male
KDM,Huvadhu Atoll
VAM,Maamigili
DMK,Bangkok
KDT,Nakhon Pathom
BKK,Bangkok
UTP,Rayong
CNX,Chiang Mai
PYY,Mae Hong Son
CEI,Chiang Rai
BAO,Ban Mak Khaen
HHQ,Hua Hin
UTR,Uttaradit
URT,Surat Thani
NST,Nakhon Si Thammarat
KBV,Krabi
USM,Na Thon (Ko Samui Island)
HKT,Phuket
HDY,Hat Yai
UTH,Udon Thani
KKC,Khon Kaen
UBP,Ubon Ratchathani
BMV,Buon Ma Thuot
VCL,Dung Quat Bay
HPH,Haiphong
CAH,Ca Mau City
CXR,Nha Trang
VCS,Con Ong
VCA,Can Tho
DIN,Dien Bien Phu
VDH,Dong Hoi
DLI,Dalat
DAD,Da Nang
HAN,Hanoi
SQH,Son-La
NHA,Nha Trang
HUI,Hue
UIH,Quy Nohn
PXU,Pleiku
PQC,Duong Dong
PHA,Phan Rang
PHH,Phan Thiet
VKG,Rach Gia
TBB,Tuy Hoa
SGN,Ho Chi Minh City
THD,Thanh Hóa
VDO,Vân Đồn
VII,Vinh
VTG,Vung Tau
NYU,Nyaung U
BMO,Banmaw
TVY,Dawei
NYT,Naypyidaw
GAW,Gangaw
GWA,Gwa
HEH,Heho
HOX,Hommalinn
TIO,Tilin
KET,Kengtung
KHM,Kanti
KMV,Kalemyo
KYP,Kyaukpyu
KAW,Kawthoung
KYT,Kyauktu
LIW,Loikaw
LSH,Lashio
MDL,Mandalay
MGZ,Mkeik
MYT,Myitkyina
MNU,Mawlamyine
MGU,Manaung
MOG,Mong Hsat
MGK,Mong Tong
MWQ,Magway
NMS,Namsang
NMT,Namtu
PAA,Hpa-N
PAU,Pauk
BSX,Pathein
PPU,Pa Pun
PBU,Putao
PKK,Pakhokku
PRU,Pye
AKY,Sittwe
SNW,Thandwe
THL,Tachileik
XYE,Ye
RGN,Yangon
UPG,Ujung Pandang-Celebes Island
BIK,Biak-Supiori Island
ONI,Moanamani-Papua Island
FOO,Kornasoren-Numfoor Island
WET,Wagethe-Papua Island
NBX,Nabire-Papua Island
ILA,Illaga-Papua Island
KOX,Kokonau-Papua Island
ZRI,Serui-Japen Island
TIM,Timika-Papua Island
EWI,Enarotali-Papua Island
AMI,Mataram-Lombok Island
BMU,Bima-Sumbawa Island
DPS,Denpasar-Bali Island
LOP,Mataram
SWQ,Sumbawa Island
TMC,Waikabubak-Sumba Island
WGP,Waingapu-Sumba Island
YIA,Yogyakarta-Java Island
ARJ,Arso-Papua Island
BUI,Bokondini-Papua Island
ZRM,Sarmi-Papua Island
DJJ,Jayapura-Papua Island
LHI,Lereh-Papua Island
LII,Mulia-Papua Island
OKL,Oksibil-Papua Island
WAR,Waris-Papua Island
SEH,Senggeh-Papua Island
UBR,Ubrub-Papua Island
WMX,Wamena-Papua Island
MDP,Mindiptana-Papua Island
BXD,Bade-Papua Island
MKQ,Merauke-Papua Island
OKQ,Okaba-Papua Island
KEI,Kepi-Papua Island
TMH,Tanah Merah-Papua Island
TJS,Tanjung Selor-Borneo Island
DTD,Datadawai-Borneo Island
BEJ,Tanjung Redep-Borneo Island
BPN,Balikpapan-Borneo Island
TRK,Tarakan Island
SRI,Samarinda-Borneo Island
TSX,Santan-Borneo Island
BYQ,Bunju Island
GLX,Galela-Celebes Island
GTO,Gorontalo-Celebes Island
NAH,Tahuna-Sangihe Island
TLI,Toli Toli-Celebes Island
GEB,Gebe Island
KAZ,Kao-Celebes Island
PLW,Palu-Celebes Island
MDC,Manado-Celebes Island
MNA,Karakelong Island
PSJ,Poso-Celebes Island
OTI,Gotalalamo-Morotai Island
TTE,Sango-Ternate Island
LUW,Luwok-Celebes Island
UOL,Buol-Celebes Island
BTW,Batu Licin-Borneo Island
PKN,Pangkalanbun-Borneo Island
KBU,Laut Island
MTW,Murateweh-Borneo Island
TJG,Tanta-Tabalong-Borneo Island
BDJ,Banjarmasin-Borneo Island
PKY,Palangkaraya-Kalimantan Tengah
SMQ,Sampit-Borneo Island
AHI,Amahai-Seram Island
DOB,Dobo-Kobror Island
MAL,Mangole Island
NRE,Namrole-Buru Island
LAH,Labuha-Halmahera Island
SXK,Saumlaki-Yamdena Island
BJK,Maikoor Island
LUV,Langgur-Seram Island
SQN,Sanana-Seram Island
AMQ,Ambon
NAM,Namlea-Buru Island
TAX,Tikong-Taliabu Island
MLG,Malang-Java Island
CPF,Tjepu-Java Island
JOG,Yogyakarta-Java Island
SOC,Sukarata(Solo)-Java Island
SUB,Surabaya
SRG,Semarang-Java Island
SUP,Sumenep-Madura Island
NTI,Bintuni-Papua Island
RSK,Ransiki-Papua Island
KEQ,Kebar-Papua Island
FKQ,Fakfak-Papua Island
INX,Inanwatan Airport-Papua Island
KNG,Kaimana-Papua Island
RDE,Merdei-Papua Island
BXB,Babo-Papua Island
MKW,Manokwari-Papua Island
SOQ,Sorong-Papua Island
TXM,Atinjoe-Papua Island
WSR,Wasior-Papua Island
BJW,Bajawa
MOF,Maumere-Flores Island
ENE,Ende-Flores Island
RTG,Satar Tacik-Flores Island
ARD,Alor Island
LBJ,Labuan Bajo-Flores Island
KOE,Kupang-Timor Island
BUW,Bau Bau-Butung Island
MJU,Mamuju-Celebes Island
MXB,Masamba-Celebes Island
KXB,Kolaka
SQR,Soroako-Celebes Island
TTR,Tanah Toraja-Celebes Island
KDI,Kendari-Celebes Island
BTU,Bintulu
BLG,Belaga
LSM,Long Semado
LGL,Long Datih
KCH,Kuching
ODN,Long Seridan
LMN,Limbang
MKM,Mukah
LKH,Long Akah
MUR,Marudi
BSE,Sematan
KPI,Kapit
BKM,Bakalalan
MYY,Miri
SBW,Sibu
TGC,Tanjung Manis
LSU,Long Sukang
LWY,Lawas
SGG,Simanggang
BBN,Bario
SMM,Semporna
LDU,Lahad Datu
TEL,Telupid
KGU,Keningau
SXS,Sahabat
BKI,Kota Kinabalu
LBU,Labuan
TMG,Tomanggong
GSA,Long Miau
SPE,Sepulot
PAY,Pamol
RNU,Ranau
SDK,Sandakan
KUD,Kudat
TWU,Tawau
MZV,Mulu
BWN,Bandar Seri Begawan
PKU,Pekanbaru-Sumatra Island
DUM,Dumai-Sumatra Island
RKO,Sipora Island
SEQ,Bengkalis-Sumatra Island
TJB,Karinmunbesar Island
KJT,Bandung, Majalengka Regency
BDO,Bandung-Java Island
CBN,Cirebon-Java Island
TSY,Tasikmalaya-Java Island
TKG,Bandar Lampung-Sumatra Island
BTH,Batam Island
PPR,Pasir Pengarayan-Sumatra Island
TNJ,Tanjung Pinang-Bintan Island
SIQ,Pasirkuning-Singkep Island
PDG,Ketaping/Padang-Sumatra Island
HLP,Jakarta
CXP,Cilacap-Java Island
PCB,Jakarta
PPJ,Tjipara-Java Island
CGK,Jakarta
GNS,Gunung Sitoli-Nias Island
AEG,Padang Sidempuan-Sumatra Island
MES,Medan
KNO,Medan-Sumatra Island
DTB,Tingkeum-Sumatra Island
FLZ,Sibolga-Sumatra Island
TJQ,Tanjung Pandan-Belitung Island
NPO,Nanga Pinoh-Borneo Island
KTG,Ketapang-Borneo Island
MWK,Matak Island
NTX,Ranai-Natuna Besar Island
PNK,Pontianak-Borneo Island
PSU,Putussibau-Borneo Island
SQG,Sintang-Borneo Island
DJB,Jambi-Sumatra Island
PGK,Pangkal Pinang-Palaubangka Island
BKS,Bengkulu-Sumatra Island
PLM,Palembang-Sumatra Island
PDO,Talang Gudang-Sumatra Island
RGT,Rengat-Sumatra Island
MPC,Muko Muko-Sumatra Island
KLQ,Keluang-Sumatra Island
TPK,Tapak Tuan-Sumatra Island
MEQ,Peureumeue-Sumatra Island
LSX,Lhok Sukon-Sumatra Island
LSW,Lhok Seumawe-Sumatra Island
SBG,Sabang-We Island
BTJ,Banda Aceh-Sumatra Island
SXT,Taman Negara
MEP,Mersing
SWY,Sitiawan
TPG,Taiping
TOD,Pulau Tioman
AOR,Alor Satar
BWH,Butterworth
KBR,Kota Baharu
KUA,Kuantan
KTE,Kerteh
IPH,Ipoh
JHB,Senai
KUL,Kuala Lumpur
LGK,Langkawi
MKZ,Malacca
TGG,Kuala Terengganu
PEN,Penang
PKG,Pangkor Island
RDN,Redang
SZB,Subang
DTR,Anacortes
AUT,Atauro
UAI,Suai
DIL,Dili
BCH,Baucau
MPT,Maliana
OEC,Oecussi-Ambeno
VIQ,Viqueque
ABU,Atambua-Timor Island
LKA,Larantuka-Flores Island
SAU,Sawu-Sawu Island
SGQ,Sanggata-Timor Island
LBW,Long Bawan-Borneo Island
BXT,Bontang-Borneo Island
NNX,Nunukan-Nunukan Island
TNB,Tanah Grogot-Borneo Island
LPU,Long Apung-Borneo Island
XSP,Seletar
SIN,Singapore
SKL,Broadford
ALH,Albany
ARM,Armidale
AYQ,Ayers Rock
ACF,Brisbane
BCI,Barcaldine
ASP,Alice Springs
BNE,Brisbane
OOL,Gold Coast
BKQ,Blackall
CNS,Cairns
CTL,Charleville
BHQ,Broken Hill
HTI,Hamilton Island
BZP,Lakefield National Park
BQB,Busselton
ISA,Mount Isa
MCY,Maroochydore
MKY,Mackay
BNK,Ballina
PPP,Proserpine
ROK,Rockhampton
BME,Broome
BHS,Bathurst
TSV,Townsville
BDB,Bundaberg
WEI,Weipa
WTB,Wellcamp
CBY,Canobie
CNJ,Cloncurry
CKW,Christmas Creek mine
ODL,Cordillo Downs
OOM,Cooma
DFP,Drumduff
DXD,New Dixie
DLK,Dulkaninna
DYW,Daly Waters
NLF,Darnley Island
DPO,Devonport
ETD,Etadunna
ENB,Eneabba
EIH,Einasleigh
ELC,Elcho Island
EMD,Emerald
EVD,Eva Downs
KFE,Cloudbreak Village
FIK,Finke
GDD,Gordon Downs
GBW,Ginbata
GLT,Gladstone
GTE,Groote Eylandt
GFF,Griffith
HWK,Hawker
HVB,Hervey Bay
HID,Horn Island
MHU,Mount Hotham
IVW,Inverway
KBB,Kirkimbie
KKP,Koolburra
KWM,Kowanyama
LNO,Leonora
LDH,Lord Howe Island
LTP,Lyndhurst
LDC,Lindeman Island
LSY,Lismore
LOC,Lock
LTV,Lotus Vale
LRE,Longreach
UBB,Mabuiag Island
AVV,Melbourne
ABX,Albury
DGE,Mudgee
MQA,Mandora
MIM,Merimbula
MGT,Milingimbi Island
MNG,Maningrida
GSN,Mount Gunson
HBA,Hobart
MCV,McArthur River Mine
MQL,Mildura
MIH,Mitchell Plateau
LST,Launceston
MBW,Melbourne
MEL,Melbourne
MRZ,Moree
MET,Moreton
MQE,Marqua
MOV,Moranbah
MYA,Moruya
MUQ,Muccan Station
MNE,Mungeranie
MYI,Murray Island
MVK,Mulka
NRA,Narrandera
NAA,Narrabri
NBH,Nambucca Heads
ZNE,Newman
OLP,Olympic Dam
OAG,Orange
ODR,Ord River
ADL,Adelaide
PBO,Paraburdoo
CCK,Cocos (Keeling) Islands
DRW,Darwin
PRD,Pardoo
GOV,Nhulunbuy
JAD,Perth
KTA,Karratha
KGI,Kalgoorlie
PKE,Parkes
KNX,Kununurra
PLO,Port Lincoln
LEA,Exmouth
PQQ,Port Macquarie
PHE,Port Hedland
PER,Perth
PEA,Ironstone
UMR,Woomera
XCH,Christmas Island
RBU,Roebourne
RMA,Roma
NDS,Sandstone
BWU,Sydney
CBR,Canberra
CFS,Coffs Harbour
DBO,Dubbo
SIX,Singleton
SGP,Shay Gap
MJK,Monkey Mia
SBR,Saibai Island
NLK,Burnt Pine
SLJ,Karijini National Park
SYD,Sydney
TMW,Tamworth
WGA,Wagga Wagga
TAQ,Tarcoola
TKY,Turkey Creek
TPR,Tom Price
TYP,Tobermorey
THG,Biloela
TCA,Tennant Creek
TRO,Taree
WLA,Wallal
SYU,Sue Islet
WYA,Whyalla
NTL,Williamtown
WWI,Woodie Woodie
BWT,Burnie
YLG,Yalgoo
OKR,Yorke Island
XMY,Yam Island
KYI,Yalata Mission
PEK,Beijing
PKX,Beijing
CIF,Chifeng
CIH,Changzhi
DSN,Ordos
DAT,Datong
AEB,Baise
HDG,Handan
HET,Hohhot
HLD,Hailar
NAY,Beijing
BAV,Baotou
SJW,Shijiazhuang
TSN,Tianjin
TGO,Tongliao
HLH,Ulanhot
XIL,Xilinhot
YCU,Yuncheng
TYN,Taiyuan
BHY,Beihai
CGD,Changde
HJJ,Huaihua
DYG,Dayong
FUO,Foshan
CAN,Guangzhou
CSX,Changsha
HNY,Hengyang
HUZ,Huizhou
KWL,Guilin City
LLF,Yongzhou
MXZ,Meixian
NNG,Nanning
SWA,Shantou
ZUH,Zhuhai
SZX,Shenzhen
WUZ,Wuzhou
XIN,Xingning
LZH,Liuzhou
ZHA,Zhanjiang
AYN,Anyang
CGO,Zhengzhou
ENH,Enshi
LHK,Guanghua
WUH,Wuhan
LYA,Luoyang
NNY,Nanyang
SHS,Shashi
XFN,Xiangfan
YIH,Yichang
HAK,Haikou
SYX,Sanya
FNJ,Pyongyang
YJS,Samjiyon
AKA,Ankang
DNH,Dunhuang
GOQ,Golmud
GYU,Guyuan
HZG,Hanzhong
INC,Yinchuan
JIC,Jinchang
JNG,Jining
JGN,Jiayuguan
LHW,Lanzhou
IQN,Qingyang
SIA,Xi'an
THQ,Tianshui
XNN,Xining
XIY,Xianyang
ENY,Yan'an
UYN,Yulin
ZHY,Zhongwei
AVK,Arvaikheer
LTI,Altai
BYN,Bayankhongor
UGA,Bulgan
UGT,Umnugobitour
UBN,Ulaanbaatar
DLZ,Dalanzadgad
HVD,Khovd
MXV,Moron
ULN,Ulan Bator
DLU,Xiaguan
DIG,Shangri-La
JHG,Jinghong
LNJ,Lincang
LJG,Lijiang
LUM,Luxi
KMG,Kunming
SYM,Simao
ZAT,Zhaotong
XMN,Xiamen
AQG,Anqing
BFU,Bengbu
CZX,Changzhou
KHN,Nanchang
DOY,Dongying
FUG,Fuyang
FOC,Fuzhou
JGS,Ji'an
KOW,Ganzhou
HGH,Hangzhou
JDZ,Jingdezhen
JIU,Jiujiang
TNA,Jinan
JUZ,Quzhou
LCX,Longyan
LYG,Lianyungang
HYN,Huangyan
LYI,Linyi
NGB,Ningbo
NKG,Nanjing
NTG,Nantong
HFE,Hefei
PVG,Shanghai
TAO,Qingdao
JJN,Quanzhou
RUG,Rugao
HIA,Huai'an
SQJ,Sanming
SHA,Shanghai
SZV,Suzhou
TXN,Huangshan
WEF,Weifang
WEH,Weihai
WHU,Wuhu
WUX,Wuxi
WUS,Wuyishan
WNZ,Wenzhou
XUZ,Xuzhou
YNZ,Yancheng
YNT,Yantai
YIW,Yiwu
HSN,Zhoushan
NGQ,Shiquanhe
AVA,Anshun
BPX,Bangda
CKG,Chongqing
DAX,Dazhou
GYS,Guangyuan
KWE,Guiyang
JZH,Jiuzhaigou
LIA,Liangping
LXA,Lhasa
LZO,Luzhou
MIG,Mianyang
NAO,Nanchong
LZY,Nyingchi
JIQ,Chongqing
TCZ,Tengchong
CTU,Chengdu
WXN,Wanxian
XIC,Xichang
YBP,Yibin
ACX,Xingyi
ZYI,Zunyi
AKU,Aksu
AAT,Altay
BPL,Bole
IQM,Qiemo
HMI,Hami
KCA,Kuqa
KRL,Korla
KRY,Karamay
KHG,Kashgar
SXJ,Shanshan
TCG,Tacheng
HTN,Hotan
URC,Urumqi
YIN,Yining
AOG,Anshan
CGQ,Changchun
CNI,Changhai
CHG,Chaoyang
DDG,Dandong
DQA,Daqing Shi
HRB,Harbin
HEK,Heihe
JIL,Jilin
JMU,Jiamusi
JNZ,Jinzhou
LDS,Yichun
YUS,Yushu
MDG,Mudanjiang
OHE,Mohe
NDG,Qiqihar
DLC,Dalian
TNH,Tonghua
SHE,Shenyang
YNJ,Yanji
AYM,Yas Island
